<metadata xml:lang="en"><Esri><CreaDate>20171128</CreaDate><CreaTime>11353500</CreaTime><ArcGISFormat>1.0</ArcGISFormat><SyncOnce>FALSE</SyncOnce><DataProperties><lineage><Process ToolSource="c:\program files (x86)\arcgis\desktop10.4\ArcToolbox\Toolboxes\Data Management Tools.tbx\CalculateField" Date="20170404" Time="094548">CalculateField "Vector\Update 5 (2017) Damage Sites Ancient City of Aleppo" ConfidenceID_5 [ConfidenceID_4] VB #</Process><Process ToolSource="c:\program files (x86)\arcgis\desktop10.4\ArcToolbox\Toolboxes\Data Management Tools.tbx\CalculateField" Date="20170404" Time="094620">CalculateField "Vector\Update 5 (2017) Damage Sites Ancient City of Aleppo" Main_Damage_Site_Class_5 [Main_Damage_Site_Class_4] VB #</Process><Process ToolSource="c:\program files (x86)\arcgis\desktop10.4\ArcToolbox\Toolboxes\Data Management Tools.tbx\CalculateField" Date="20171115" Time="103512">CalculateField Damage_Sites_Deir_ez_Zor_CDA ConfidenceID_5 [ConfidenceID_4] VB #</Process><Process ToolSource="c:\program files (x86)\arcgis\desktop10.4\ArcToolbox\Toolboxes\Data Management Tools.tbx\CalculateField" Date="20171115" Time="103530">CalculateField Damage_Sites_Deir_ez_Zor_CDA Main_Damage_Site_Class_5 [Main_Damage_Site_Class_4] VB #</Process><Process ToolSource="c:\program files (x86)\arcgis\desktop10.4\ArcToolbox\Toolboxes\Data Management Tools.tbx\CalculateField" Date="20171127" Time="163448">CalculateField Damage_Sites_Deir_ez_Zor_CDA_frodensity Neighborhood "Tashreen Harabesh" VB #</Process><Process ToolSource="c:\program files (x86)\arcgis\desktop10.4\ArcToolbox\Toolboxes\Data Management Tools.tbx\CalculateField" Date="20171127" Time="163513">CalculateField Damage_Sites_Deir_ez_Zor_CDA_frodensity Neighborhood "Shuhuda" VB #</Process><Process ToolSource="c:\program files (x86)\arcgis\desktop10.4\ArcToolbox\Toolboxes\Data Management Tools.tbx\CalculateField" Date="20171127" Time="163538">CalculateField Damage_Sites_Deir_ez_Zor_CDA_frodensity Neighborhood "Sheikh Yasin" VB #</Process><Process ToolSource="c:\program files (x86)\arcgis\desktop10.4\ArcToolbox\Toolboxes\Data Management Tools.tbx\CalculateField" Date="20171127" Time="163604">CalculateField Damage_Sites_Deir_ez_Zor_CDA_frodensity Neighborhood "Rashdiyeh" VB #</Process><Process ToolSource="c:\program files (x86)\arcgis\desktop10.4\ArcToolbox\Toolboxes\Data Management Tools.tbx\CalculateField" Date="20171127" Time="163648">CalculateField Damage_Sites_Deir_ez_Zor_CDA_frodensity Neighborhood "Qosour" VB #</Process><Process ToolSource="c:\program files (x86)\arcgis\desktop10.4\ArcToolbox\Toolboxes\Data Management Tools.tbx\CalculateField" Date="20171127" Time="163719">CalculateField Damage_Sites_Deir_ez_Zor_CDA_frodensity Neighborhood "Othmaniyeh" VB #</Process><Process ToolSource="c:\program files (x86)\arcgis\desktop10.4\ArcToolbox\Toolboxes\Data Management Tools.tbx\CalculateField" Date="20171127" Time="163745">CalculateField Damage_Sites_Deir_ez_Zor_CDA_frodensity Neighborhood "Maysalun" VB #</Process><Process ToolSource="c:\program files (x86)\arcgis\desktop10.4\ArcToolbox\Toolboxes\Data Management Tools.tbx\CalculateField" Date="20171127" Time="163823">CalculateField Damage_Sites_Deir_ez_Zor_CDA_frodensity Neighborhood "Hettin" VB #</Process><Process ToolSource="c:\program files (x86)\arcgis\desktop10.4\ArcToolbox\Toolboxes\Data Management Tools.tbx\CalculateField" Date="20171127" Time="163909">CalculateField Damage_Sites_Deir_ez_Zor_CDA_frodensity Neighborhood "Hameidiyyeh" VB #</Process><Process ToolSource="c:\program files (x86)\arcgis\desktop10.4\ArcToolbox\Toolboxes\Data Management Tools.tbx\CalculateField" Date="20171127" Time="163953">CalculateField Damage_Sites_Deir_ez_Zor_CDA_frodensity Neighborhood "Baajein" VB #</Process><Process ToolSource="c:\program files (x86)\arcgis\desktop10.4\ArcToolbox\Toolboxes\Data Management Tools.tbx\CalculateField" Date="20171127" Time="164031">CalculateField Damage_Sites_Deir_ez_Zor_CDA_frodensity Neighborhood "Ali Bek wa Abd Al Aziz" VB #</Process><Process ToolSource="c:\program files (x86)\arcgis\desktop10.4\ArcToolbox\Toolboxes\Data Management Tools.tbx\CalculateField" Date="20171127" Time="164104">CalculateField Damage_Sites_Deir_ez_Zor_CDA_frodensity Neighborhood "Al Thawra Al Jourah" VB #</Process><Process ToolSource="c:\program files (x86)\arcgis\desktop10.4\ArcToolbox\Toolboxes\Data Management Tools.tbx\CalculateField" Date="20171127" Time="164152">CalculateField Damage_Sites_Deir_ez_Zor_CDA_frodensity Neighborhood "Al Muhajireen" VB #</Process><Process ToolSource="c:\program files (x86)\arcgis\desktop10.4\ArcToolbox\Toolboxes\Data Management Tools.tbx\CalculateField" Date="20171127" Time="164232">CalculateField Damage_Sites_Deir_ez_Zor_CDA_frodensity Neighborhood "Al Jami Al Kabeer wa Al Wasat" VB #</Process><Process ToolSource="c:\program files (x86)\arcgis\desktop10.4\ArcToolbox\Toolboxes\Data Management Tools.tbx\CalculateField" Date="20171127" Time="164255">CalculateField Damage_Sites_Deir_ez_Zor_CDA_frodensity Neighborhood "Al Jami Al Kabeer wa Al Wasat" VB #</Process><Process ToolSource="c:\program files (x86)\arcgis\desktop10.4\ArcToolbox\Toolboxes\Data Management Tools.tbx\CalculateField" Date="20171127" Time="164332">CalculateField Damage_Sites_Deir_ez_Zor_CDA_frodensity Neighborhood "Al Jafra" VB #</Process><Process ToolSource="c:\program files (x86)\arcgis\desktop10.4\ArcToolbox\Toolboxes\Data Management Tools.tbx\CalculateField" Date="20171127" Time="164433">CalculateField Damage_Sites_Deir_ez_Zor_CDA_frodensity Neighborhood "Al Bougailia" VB #</Process><Process ToolSource="c:\program files (x86)\arcgis\desktop10.4\ArcToolbox\Toolboxes\Data Management Tools.tbx\CalculateField" Date="20171127" Time="164514">CalculateField Damage_Sites_Deir_ez_Zor_CDA_frodensity Neighborhood "Abu Abed" VB #</Process><Process ToolSource="c:\program files (x86)\arcgis\desktop10.4\ArcToolbox\Toolboxes\Data Management Tools.tbx\CalculateField" Date="20171127" Time="164607">CalculateField Damage_Sites_Deir_ez_Zor_CDA_frodensity Neighborhood "Unknown" VB #</Process><Process ToolSource="c:\program files (x86)\arcgis\desktop10.4\ArcToolbox\Toolboxes\Conversion Tools.tbx\FeatureClassToFeatureClass" Date="20171128" Time="120853">FeatureClassToFeatureClass GPL0 "\\cerndata05\gis\SY_Syria\GeoData\UNOSAT\Data_to_Share\CE20130604SYR\OFDA-REACH Syria Project" Damage_Sites_Deir_ez_Zor_CDA_Ex_wroads_1 # "SiteID "SiteID" true true false 255 Text 0 0 ,First,#,M:\SY_Syria\GeoData\UNOSAT\Data_to_Share\CE20130604SYR\OFDA-REACH Syria Project\CE20130604SYR_Raqqa_Deir.gdb\Damage_Analysis\Damage_Sites_Deir_ez_Zor_CDA_Ex_wroads_1,SiteID,-1,-1;SensDt "SensorDate" true true false 8 Date 0 0 ,First,#,M:\SY_Syria\GeoData\UNOSAT\Data_to_Share\CE20130604SYR\OFDA-REACH Syria Project\CE20130604SYR_Raqqa_Deir.gdb\Damage_Analysis\Damage_Sites_Deir_ez_Zor_CDA_Ex_wroads_1,SensDt,-1,-1;SensorID "SensorID" true true false 255 Text 0 0 ,First,#,M:\SY_Syria\GeoData\UNOSAT\Data_to_Share\CE20130604SYR\OFDA-REACH Syria Project\CE20130604SYR_Raqqa_Deir.gdb\Damage_Analysis\Damage_Sites_Deir_ez_Zor_CDA_Ex_wroads_1,SensorID,-1,-1;ConfID "ConfID" true true false 255 Text 0 0 ,First,#,M:\SY_Syria\GeoData\UNOSAT\Data_to_Share\CE20130604SYR\OFDA-REACH Syria Project\CE20130604SYR_Raqqa_Deir.gdb\Damage_Analysis\Damage_Sites_Deir_ez_Zor_CDA_Ex_wroads_1,ConfID,-1,-1;DaSitCl "DaSitCl" true true false 255 Text 0 0 ,First,#,M:\SY_Syria\GeoData\UNOSAT\Data_to_Share\CE20130604SYR\OFDA-REACH Syria Project\CE20130604SYR_Raqqa_Deir.gdb\Damage_Analysis\Damage_Sites_Deir_ez_Zor_CDA_Ex_wroads_1,DaSitCl,-1,-1;SensorDate_2 "SensorDate_2" true true false 8 Date 0 0 ,First,#,M:\SY_Syria\GeoData\UNOSAT\Data_to_Share\CE20130604SYR\OFDA-REACH Syria Project\CE20130604SYR_Raqqa_Deir.gdb\Damage_Analysis\Damage_Sites_Deir_ez_Zor_CDA_Ex_wroads_1,SensorDate_2,-1,-1;SensID2 "SensID2" true true false 255 Text 0 0 ,First,#,M:\SY_Syria\GeoData\UNOSAT\Data_to_Share\CE20130604SYR\OFDA-REACH Syria Project\CE20130604SYR_Raqqa_Deir.gdb\Damage_Analysis\Damage_Sites_Deir_ez_Zor_CDA_Ex_wroads_1,SensID2,-1,-1;ConfID2 "ConfID2" true true false 255 Text 0 0 ,First,#,M:\SY_Syria\GeoData\UNOSAT\Data_to_Share\CE20130604SYR\OFDA-REACH Syria Project\CE20130604SYR_Raqqa_Deir.gdb\Damage_Analysis\Damage_Sites_Deir_ez_Zor_CDA_Ex_wroads_1,ConfID2,-1,-1;DaSitCl2 "DaSitCl2" true true false 255 Text 0 0 ,First,#,M:\SY_Syria\GeoData\UNOSAT\Data_to_Share\CE20130604SYR\OFDA-REACH Syria Project\CE20130604SYR_Raqqa_Deir.gdb\Damage_Analysis\Damage_Sites_Deir_ez_Zor_CDA_Ex_wroads_1,DaSitCl2,-1,-1;Damst2 "Damst2" true true false 255 Text 0 0 ,First,#,M:\SY_Syria\GeoData\UNOSAT\Data_to_Share\CE20130604SYR\OFDA-REACH Syria Project\CE20130604SYR_Raqqa_Deir.gdb\Damage_Analysis\Damage_Sites_Deir_ez_Zor_CDA_Ex_wroads_1,Damst2,-1,-1;SensDt3 "SensorDate_3" true true false 8 Date 0 0 ,First,#,M:\SY_Syria\GeoData\UNOSAT\Data_to_Share\CE20130604SYR\OFDA-REACH Syria Project\CE20130604SYR_Raqqa_Deir.gdb\Damage_Analysis\Damage_Sites_Deir_ez_Zor_CDA_Ex_wroads_1,SensDt3,-1,-1;SensID3 "SensID3" true true false 255 Text 0 0 ,First,#,M:\SY_Syria\GeoData\UNOSAT\Data_to_Share\CE20130604SYR\OFDA-REACH Syria Project\CE20130604SYR_Raqqa_Deir.gdb\Damage_Analysis\Damage_Sites_Deir_ez_Zor_CDA_Ex_wroads_1,SensID3,-1,-1;ConfId3 "ConfId3" true true false 255 Text 0 0 ,First,#,M:\SY_Syria\GeoData\UNOSAT\Data_to_Share\CE20130604SYR\OFDA-REACH Syria Project\CE20130604SYR_Raqqa_Deir.gdb\Damage_Analysis\Damage_Sites_Deir_ez_Zor_CDA_Ex_wroads_1,ConfId3,-1,-1;DaSitCl3 "DaSitCl3" true true false 255 Text 0 0 ,First,#,M:\SY_Syria\GeoData\UNOSAT\Data_to_Share\CE20130604SYR\OFDA-REACH Syria Project\CE20130604SYR_Raqqa_Deir.gdb\Damage_Analysis\Damage_Sites_Deir_ez_Zor_CDA_Ex_wroads_1,DaSitCl3,-1,-1;Damst3 "Damst3" true true false 255 Text 0 0 ,First,#,M:\SY_Syria\GeoData\UNOSAT\Data_to_Share\CE20130604SYR\OFDA-REACH Syria Project\CE20130604SYR_Raqqa_Deir.gdb\Damage_Analysis\Damage_Sites_Deir_ez_Zor_CDA_Ex_wroads_1,Damst3,-1,-1;SensDt4 "SensorDate_4" true true false 8 Date 0 0 ,First,#,M:\SY_Syria\GeoData\UNOSAT\Data_to_Share\CE20130604SYR\OFDA-REACH Syria Project\CE20130604SYR_Raqqa_Deir.gdb\Damage_Analysis\Damage_Sites_Deir_ez_Zor_CDA_Ex_wroads_1,SensDt4,-1,-1;SensID4 "SensID4" true true false 255 Text 0 0 ,First,#,M:\SY_Syria\GeoData\UNOSAT\Data_to_Share\CE20130604SYR\OFDA-REACH Syria Project\CE20130604SYR_Raqqa_Deir.gdb\Damage_Analysis\Damage_Sites_Deir_ez_Zor_CDA_Ex_wroads_1,SensID4,-1,-1;ConfId4 "ConfId4" true true false 255 Text 0 0 ,First,#,M:\SY_Syria\GeoData\UNOSAT\Data_to_Share\CE20130604SYR\OFDA-REACH Syria Project\CE20130604SYR_Raqqa_Deir.gdb\Damage_Analysis\Damage_Sites_Deir_ez_Zor_CDA_Ex_wroads_1,ConfId4,-1,-1;DaSitCl4 "DaSitCl4" true true false 255 Text 0 0 ,First,#,M:\SY_Syria\GeoData\UNOSAT\Data_to_Share\CE20130604SYR\OFDA-REACH Syria Project\CE20130604SYR_Raqqa_Deir.gdb\Damage_Analysis\Damage_Sites_Deir_ez_Zor_CDA_Ex_wroads_1,DaSitCl4,-1,-1;Damst4 "Damst4" true true false 255 Text 0 0 ,First,#,M:\SY_Syria\GeoData\UNOSAT\Data_to_Share\CE20130604SYR\OFDA-REACH Syria Project\CE20130604SYR_Raqqa_Deir.gdb\Damage_Analysis\Damage_Sites_Deir_ez_Zor_CDA_Ex_wroads_1,Damst4,-1,-1;SensDt5 "SensDt5" true true false 8 Date 0 0 ,First,#,M:\SY_Syria\GeoData\UNOSAT\Data_to_Share\CE20130604SYR\OFDA-REACH Syria Project\CE20130604SYR_Raqqa_Deir.gdb\Damage_Analysis\Damage_Sites_Deir_ez_Zor_CDA_Ex_wroads_1,SensDt5,-1,-1;SensId5 "SensId5" true true false 255 Text 0 0 ,First,#,M:\SY_Syria\GeoData\UNOSAT\Data_to_Share\CE20130604SYR\OFDA-REACH Syria Project\CE20130604SYR_Raqqa_Deir.gdb\Damage_Analysis\Damage_Sites_Deir_ez_Zor_CDA_Ex_wroads_1,SensId5,-1,-1;ConfId5 "ConfId5" true true false 255 Text 0 0 ,First,#,M:\SY_Syria\GeoData\UNOSAT\Data_to_Share\CE20130604SYR\OFDA-REACH Syria Project\CE20130604SYR_Raqqa_Deir.gdb\Damage_Analysis\Damage_Sites_Deir_ez_Zor_CDA_Ex_wroads_1,ConfId5,-1,-1;DaSitCl5 "DaSitCl5" true true false 255 Text 0 0 ,First,#,M:\SY_Syria\GeoData\UNOSAT\Data_to_Share\CE20130604SYR\OFDA-REACH Syria Project\CE20130604SYR_Raqqa_Deir.gdb\Damage_Analysis\Damage_Sites_Deir_ez_Zor_CDA_Ex_wroads_1,DaSitCl5,-1,-1;Damst5 "Damst5" true true false 255 Text 0 0 ,First,#,M:\SY_Syria\GeoData\UNOSAT\Data_to_Share\CE20130604SYR\OFDA-REACH Syria Project\CE20130604SYR_Raqqa_Deir.gdb\Damage_Analysis\Damage_Sites_Deir_ez_Zor_CDA_Ex_wroads_1,Damst5,-1,-1;GrDaCl "GrDaCl" true true false 255 Text 0 0 ,First,#,M:\SY_Syria\GeoData\UNOSAT\Data_to_Share\CE20130604SYR\OFDA-REACH Syria Project\CE20130604SYR_Raqqa_Deir.gdb\Damage_Analysis\Damage_Sites_Deir_ez_Zor_CDA_Ex_wroads_1,GrDaCl,-1,-1;FieldVl "FieldVl" true true false 255 Text 0 0 ,First,#,M:\SY_Syria\GeoData\UNOSAT\Data_to_Share\CE20130604SYR\OFDA-REACH Syria Project\CE20130604SYR_Raqqa_Deir.gdb\Damage_Analysis\Damage_Sites_Deir_ez_Zor_CDA_Ex_wroads_1,FieldVl,-1,-1;Notes "Notes" true true false 100 Text 0 0 ,First,#,M:\SY_Syria\GeoData\UNOSAT\Data_to_Share\CE20130604SYR\OFDA-REACH Syria Project\CE20130604SYR_Raqqa_Deir.gdb\Damage_Analysis\Damage_Sites_Deir_ez_Zor_CDA_Ex_wroads_1,Notes,-1,-1;Name "Settlement_Name" true true false 100 Text 0 0 ,First,#,M:\SY_Syria\GeoData\UNOSAT\Data_to_Share\CE20130604SYR\OFDA-REACH Syria Project\CE20130604SYR_Raqqa_Deir.gdb\Damage_Analysis\Damage_Sites_Deir_ez_Zor_CDA_Ex_wroads_1,Name,-1,-1;Neigh "Neighborhood" true true false 50 Text 0 0 ,First,#,M:\SY_Syria\GeoData\UNOSAT\Data_to_Share\CE20130604SYR\OFDA-REACH Syria Project\CE20130604SYR_Raqqa_Deir.gdb\Damage_Analysis\Damage_Sites_Deir_ez_Zor_CDA_Ex_wroads_1,Neigh,-1,-1;Code "EventCode" true true false 50 Text 0 0 ,First,#,M:\SY_Syria\GeoData\UNOSAT\Data_to_Share\CE20130604SYR\OFDA-REACH Syria Project\CE20130604SYR_Raqqa_Deir.gdb\Damage_Analysis\Damage_Sites_Deir_ez_Zor_CDA_Ex_wroads_1,Code,-1,-1" #</Process></lineage><itemProps><itemName Sync="TRUE">Damage_Sites_Deir_ez_Zor_CDA_Ex_wroads_1</itemName><imsContentType Sync="TRUE">002</imsContentType><itemLocation><linkage Sync="TRUE">file://\\cerndata05\gis\SY_Syria\GeoData\UNOSAT\Data_to_Share\CE20130604SYR\OFDA-REACH Syria Project\Damage_Sites_Deir_ez_Zor_CDA_Ex_wroads_1.shp</linkage><protocol Sync="TRUE">Local Area Network</protocol></itemLocation><itemSize Sync="TRUE">0.000</itemSize></itemProps><coordRef><type Sync="TRUE">Geographic</type><geogcsn Sync="TRUE">GCS_WGS_1984</geogcsn><csUnits Sync="TRUE">Angular Unit: Degree (0.017453)</csUnits><peXml Sync="TRUE">&lt;GeographicCoordinateSystem xsi:type='typens:GeographicCoordinateSystem' xmlns:xsi='http://www.w3.org/2001/XMLSchema-instance' xmlns:xs='http://www.w3.org/2001/XMLSchema' xmlns:typens='http://www.esri.com/schemas/ArcGIS/10.4'&gt;&lt;WKT&gt;GEOGCS[&amp;quot;GCS_WGS_1984&amp;quot;,DATUM[&amp;quot;D_WGS_1984&amp;quot;,SPHEROID[&amp;quot;WGS_1984&amp;quot;,6378137.0,298.257223563]],PRIMEM[&amp;quot;Greenwich&amp;quot;,0.0],UNIT[&amp;quot;Degree&amp;quot;,0.0174532925199433],AUTHORITY[&amp;quot;EPSG&amp;quot;,4326]]&lt;/WKT&gt;&lt;XOrigin&gt;-400&lt;/XOrigin&gt;&lt;YOrigin&gt;-400&lt;/YOrigin&gt;&lt;XYScale&gt;11258999068426.238&lt;/XYScale&gt;&lt;ZOrigin&gt;-100000&lt;/ZOrigin&gt;&lt;ZScale&gt;10000&lt;/ZScale&gt;&lt;MOrigin&gt;-100000&lt;/MOrigin&gt;&lt;MScale&gt;10000&lt;/MScale&gt;&lt;XYTolerance&gt;8.983152841195215e-009&lt;/XYTolerance&gt;&lt;ZTolerance&gt;0.001&lt;/ZTolerance&gt;&lt;MTolerance&gt;0.001&lt;/MTolerance&gt;&lt;HighPrecision&gt;true&lt;/HighPrecision&gt;&lt;LeftLongitude&gt;-180&lt;/LeftLongitude&gt;&lt;WKID&gt;4326&lt;/WKID&gt;&lt;LatestWKID&gt;4326&lt;/LatestWKID&gt;&lt;/GeographicCoordinateSystem&gt;</peXml></coordRef></DataProperties><SyncDate>20171128</SyncDate><SyncTime>12084800</SyncTime><ModDate>20171128</ModDate><ModTime>12084800</ModTime></Esri><dataIdInfo><envirDesc Sync="TRUE"> Version 6.2 (Build 9200) ; Esri ArcGIS 10.4.1.5686</envirDesc><dataLang><languageCode value="eng" Sync="TRUE"></languageCode><countryCode value="USA" Sync="TRUE"></countryCode></dataLang><idCitation><resTitle Sync="TRUE">Damage_Sites_Deir_ez_Zor_CDA_Ex_wroads_1</resTitle><presForm><PresFormCd value="005" Sync="TRUE"></PresFormCd></presForm></idCitation><spatRpType><SpatRepTypCd value="001" Sync="TRUE"></SpatRepTypCd></spatRpType></dataIdInfo><mdLang><languageCode value="eng" Sync="TRUE"></languageCode><countryCode value="USA" Sync="TRUE"></countryCode></mdLang><distInfo><distFormat><formatName Sync="TRUE">Shapefile</formatName></distFormat><distTranOps><transSize Sync="TRUE">0.000</transSize></distTranOps></distInfo><mdHrLv><ScopeCd value="005" Sync="TRUE"></ScopeCd></mdHrLv><mdHrLvName Sync="TRUE">dataset</mdHrLvName><refSysInfo><RefSystem><refSysID><identCode code="4326" Sync="TRUE"></identCode><idCodeSpace Sync="TRUE">EPSG</idCodeSpace><idVersion Sync="TRUE">6.14(3.0.1)</idVersion></refSysID></RefSystem></refSysInfo><spatRepInfo><VectSpatRep><geometObjs Name="Damage_Sites_Deir_ez_Zor_CDA_Ex_wroads_1"><geoObjTyp><GeoObjTypCd value="004" Sync="TRUE"></GeoObjTypCd></geoObjTyp><geoObjCnt Sync="TRUE">0</geoObjCnt></geometObjs><topLvl><TopoLevCd value="001" Sync="TRUE"></TopoLevCd></topLvl></VectSpatRep></spatRepInfo><spdoinfo><ptvctinf><esriterm Name="Damage_Sites_Deir_ez_Zor_CDA_Ex_wroads_1"><efeatyp Sync="TRUE">Simple</efeatyp><efeageom code="1" Sync="TRUE"></efeageom><esritopo Sync="TRUE">FALSE</esritopo><efeacnt Sync="TRUE">0</efeacnt><spindex Sync="TRUE">FALSE</spindex><linrefer Sync="TRUE">FALSE</linrefer></esriterm></ptvctinf></spdoinfo><eainfo><detailed Name="Damage_Sites_Deir_ez_Zor_CDA_Ex_wroads_1"><enttyp><enttypl Sync="TRUE">Damage_Sites_Deir_ez_Zor_CDA_Ex_wroads_1</enttypl><enttypt Sync="TRUE">Feature Class</enttypt><enttypc Sync="TRUE">0</enttypc></enttyp><attr><attrlabl Sync="TRUE">FID</attrlabl><attalias Sync="TRUE">FID</attalias><attrtype Sync="TRUE">OID</attrtype><attwidth Sync="TRUE">4</attwidth><atprecis Sync="TRUE">0</atprecis><attscale Sync="TRUE">0</attscale><attrdef Sync="TRUE">Internal feature number.</attrdef><attrdefs Sync="TRUE">Esri</attrdefs><attrdomv><udom Sync="TRUE">Sequential unique whole numbers that are automatically generated.</udom></attrdomv></attr><attr><attrlabl Sync="TRUE">Shape</attrlabl><attalias Sync="TRUE">Shape</attalias><attrtype Sync="TRUE">Geometry</attrtype><attwidth Sync="TRUE">0</attwidth><atprecis Sync="TRUE">0</atprecis><attscale Sync="TRUE">0</attscale><attrdef Sync="TRUE">Feature geometry.</attrdef><attrdefs Sync="TRUE">Esri</attrdefs><attrdomv><udom Sync="TRUE">Coordinates defining the features.</udom></attrdomv></attr><attr><attrlabl Sync="TRUE">SiteID</attrlabl><attalias Sync="TRUE">SiteID</attalias><attrtype Sync="TRUE">String</attrtype><attwidth Sync="TRUE">254</attwidth><atprecis Sync="TRUE">0</atprecis><attscale Sync="TRUE">0</attscale></attr><attr><attrlabl Sync="TRUE">SensDt</attrlabl><attalias Sync="TRUE">SensDt</attalias><attrtype Sync="TRUE">Date</attrtype><attwidth Sync="TRUE">8</attwidth><atprecis Sync="TRUE">0</atprecis><attscale Sync="TRUE">0</attscale></attr><attr><attrlabl Sync="TRUE">SensorDate</attrlabl><attalias Sync="TRUE">SensorDate</attalias><attrtype Sync="TRUE">Date</attrtype><attwidth Sync="TRUE">8</attwidth><atprecis Sync="TRUE">0</atprecis><attscale Sync="TRUE">0</attscale></attr><attr><attrlabl Sync="TRUE">ConfID</attrlabl><attalias Sync="TRUE">ConfID</attalias><attrtype Sync="TRUE">String</attrtype><attwidth Sync="TRUE">254</attwidth><atprecis Sync="TRUE">0</atprecis><attscale Sync="TRUE">0</attscale></attr><attr><attrlabl Sync="TRUE">DaSitCl</attrlabl><attalias Sync="TRUE">DaSitCl</attalias><attrtype Sync="TRUE">String</attrtype><attwidth Sync="TRUE">254</attwidth><atprecis Sync="TRUE">0</atprecis><attscale Sync="TRUE">0</attscale></attr><attr><attrlabl Sync="TRUE">SensorID</attrlabl><attalias Sync="TRUE">SensorID</attalias><attrtype Sync="TRUE">String</attrtype><attwidth Sync="TRUE">254</attwidth><atprecis Sync="TRUE">0</atprecis><attscale Sync="TRUE">0</attscale></attr><attr><attrlabl Sync="TRUE">SensID2</attrlabl><attalias Sync="TRUE">SensID2</attalias><attrtype Sync="TRUE">String</attrtype><attwidth Sync="TRUE">254</attwidth><atprecis Sync="TRUE">0</atprecis><attscale Sync="TRUE">0</attscale></attr><attr><attrlabl Sync="TRUE">ConfID2</attrlabl><attalias Sync="TRUE">ConfID2</attalias><attrtype Sync="TRUE">String</attrtype><attwidth Sync="TRUE">254</attwidth><atprecis Sync="TRUE">0</atprecis><attscale Sync="TRUE">0</attscale></attr><attr><attrlabl Sync="TRUE">DaSitCl2</attrlabl><attalias Sync="TRUE">DaSitCl2</attalias><attrtype Sync="TRUE">String</attrtype><attwidth Sync="TRUE">254</attwidth><atprecis Sync="TRUE">0</atprecis><attscale Sync="TRUE">0</attscale></attr><attr><attrlabl Sync="TRUE">Damst2</attrlabl><attalias Sync="TRUE">Damst2</attalias><attrtype Sync="TRUE">String</attrtype><attwidth Sync="TRUE">254</attwidth><atprecis Sync="TRUE">0</atprecis><attscale Sync="TRUE">0</attscale></attr><attr><attrlabl Sync="TRUE">SensDt3</attrlabl><attalias Sync="TRUE">SensDt3</attalias><attrtype Sync="TRUE">Date</attrtype><attwidth Sync="TRUE">8</attwidth><atprecis Sync="TRUE">0</atprecis><attscale Sync="TRUE">0</attscale></attr><attr><attrlabl Sync="TRUE">SensID3</attrlabl><attalias Sync="TRUE">SensID3</attalias><attrtype Sync="TRUE">String</attrtype><attwidth Sync="TRUE">254</attwidth><atprecis Sync="TRUE">0</atprecis><attscale Sync="TRUE">0</attscale></attr><attr><attrlabl Sync="TRUE">ConfId3</attrlabl><attalias Sync="TRUE">ConfId3</attalias><attrtype Sync="TRUE">String</attrtype><attwidth Sync="TRUE">254</attwidth><atprecis Sync="TRUE">0</atprecis><attscale Sync="TRUE">0</attscale></attr><attr><attrlabl Sync="TRUE">DaSitCl3</attrlabl><attalias Sync="TRUE">DaSitCl3</attalias><attrtype Sync="TRUE">String</attrtype><attwidth Sync="TRUE">254</attwidth><atprecis Sync="TRUE">0</atprecis><attscale Sync="TRUE">0</attscale></attr><attr><attrlabl Sync="TRUE">Damst3</attrlabl><attalias Sync="TRUE">Damst3</attalias><attrtype Sync="TRUE">String</attrtype><attwidth Sync="TRUE">254</attwidth><atprecis Sync="TRUE">0</atprecis><attscale Sync="TRUE">0</attscale></attr><attr><attrlabl Sync="TRUE">SensDt4</attrlabl><attalias Sync="TRUE">SensDt4</attalias><attrtype Sync="TRUE">Date</attrtype><attwidth Sync="TRUE">8</attwidth><atprecis Sync="TRUE">0</atprecis><attscale Sync="TRUE">0</attscale></attr><attr><attrlabl Sync="TRUE">SensID4</attrlabl><attalias Sync="TRUE">SensID4</attalias><attrtype Sync="TRUE">String</attrtype><attwidth Sync="TRUE">254</attwidth><atprecis Sync="TRUE">0</atprecis><attscale Sync="TRUE">0</attscale></attr><attr><attrlabl Sync="TRUE">ConfId4</attrlabl><attalias Sync="TRUE">ConfId4</attalias><attrtype Sync="TRUE">String</attrtype><attwidth Sync="TRUE">254</attwidth><atprecis Sync="TRUE">0</atprecis><attscale Sync="TRUE">0</attscale></attr><attr><attrlabl Sync="TRUE">DaSitCl4</attrlabl><attalias Sync="TRUE">DaSitCl4</attalias><attrtype Sync="TRUE">String</attrtype><attwidth Sync="TRUE">254</attwidth><atprecis Sync="TRUE">0</atprecis><attscale Sync="TRUE">0</attscale></attr><attr><attrlabl Sync="TRUE">Damst4</attrlabl><attalias Sync="TRUE">Damst4</attalias><attrtype Sync="TRUE">String</attrtype><attwidth Sync="TRUE">254</attwidth><atprecis Sync="TRUE">0</atprecis><attscale Sync="TRUE">0</attscale></attr><attr><attrlabl Sync="TRUE">SensDt5</attrlabl><attalias Sync="TRUE">SensDt5</attalias><attrtype Sync="TRUE">Date</attrtype><attwidth Sync="TRUE">8</attwidth><atprecis Sync="TRUE">0</atprecis><attscale Sync="TRUE">0</attscale></attr><attr><attrlabl Sync="TRUE">SensId5</attrlabl><attalias Sync="TRUE">SensId5</attalias><attrtype Sync="TRUE">String</attrtype><attwidth Sync="TRUE">254</attwidth><atprecis Sync="TRUE">0</atprecis><attscale Sync="TRUE">0</attscale></attr><attr><attrlabl Sync="TRUE">ConfId5</attrlabl><attalias Sync="TRUE">ConfId5</attalias><attrtype Sync="TRUE">String</attrtype><attwidth Sync="TRUE">254</attwidth><atprecis Sync="TRUE">0</atprecis><attscale Sync="TRUE">0</attscale></attr><attr><attrlabl Sync="TRUE">DaSitCl5</attrlabl><attalias Sync="TRUE">DaSitCl5</attalias><attrtype Sync="TRUE">String</attrtype><attwidth Sync="TRUE">254</attwidth><atprecis Sync="TRUE">0</atprecis><attscale Sync="TRUE">0</attscale></attr><attr><attrlabl Sync="TRUE">Damst5</attrlabl><attalias Sync="TRUE">Damst5</attalias><attrtype Sync="TRUE">String</attrtype><attwidth Sync="TRUE">254</attwidth><atprecis Sync="TRUE">0</atprecis><attscale Sync="TRUE">0</attscale></attr><attr><attrlabl Sync="TRUE">GrDaCl</attrlabl><attalias Sync="TRUE">GrDaCl</attalias><attrtype Sync="TRUE">String</attrtype><attwidth Sync="TRUE">254</attwidth><atprecis Sync="TRUE">0</atprecis><attscale Sync="TRUE">0</attscale></attr><attr><attrlabl Sync="TRUE">FieldVl</attrlabl><attalias Sync="TRUE">FieldVl</attalias><attrtype Sync="TRUE">String</attrtype><attwidth Sync="TRUE">254</attwidth><atprecis Sync="TRUE">0</atprecis><attscale Sync="TRUE">0</attscale></attr><attr><attrlabl Sync="TRUE">Notes</attrlabl><attalias Sync="TRUE">Notes</attalias><attrtype Sync="TRUE">String</attrtype><attwidth Sync="TRUE">100</attwidth><atprecis Sync="TRUE">0</atprecis><attscale Sync="TRUE">0</attscale></attr><attr><attrlabl Sync="TRUE">Name</attrlabl><attalias Sync="TRUE">Name</attalias><attrtype Sync="TRUE">String</attrtype><attwidth Sync="TRUE">100</attwidth><atprecis Sync="TRUE">0</atprecis><attscale Sync="TRUE">0</attscale></attr><attr><attrlabl Sync="TRUE">Neigh</attrlabl><attalias Sync="TRUE">Neigh</attalias><attrtype Sync="TRUE">String</attrtype><attwidth Sync="TRUE">50</attwidth><atprecis Sync="TRUE">0</atprecis><attscale Sync="TRUE">0</attscale></attr><attr><attrlabl Sync="TRUE">Code</attrlabl><attalias Sync="TRUE">Code</attalias><attrtype Sync="TRUE">String</attrtype><attwidth Sync="TRUE">50</attwidth><atprecis Sync="TRUE">0</atprecis><attscale Sync="TRUE">0</attscale></attr></detailed></eainfo><mdDateSt Sync="TRUE">20171128</mdDateSt></metadata>
