<metadata xml:lang="en"><Esri><CreaDate>20131024</CreaDate><CreaTime>11541600</CreaTime><ArcGISFormat>1.0</ArcGISFormat><SyncOnce>FALSE</SyncOnce><DataProperties><itemProps><itemName Sync="TRUE">Settlements</itemName><imsContentType Sync="TRUE">002</imsContentType><itemSize Sync="TRUE">0.000</itemSize><itemLocation><linkage Sync="TRUE">file://\\cern.ch\dfs\Websites\u\unosat-maps\SY\CE20130604SYR\UNOSAT_CE20130604SYR_DamageAssessment_OFDA_REACH_UPDATE4\Settlements.shp</linkage><protocol Sync="TRUE">Local Area Network</protocol></itemLocation></itemProps><coordRef><type Sync="TRUE">Geographic</type><geogcsn Sync="TRUE">GCS_WGS_1984</geogcsn><csUnits Sync="TRUE">Angular Unit: Degree (0.017453)</csUnits><peXml Sync="TRUE">&lt;GeographicCoordinateSystem xsi:type='typens:GeographicCoordinateSystem' xmlns:xsi='http://www.w3.org/2001/XMLSchema-instance' xmlns:xs='http://www.w3.org/2001/XMLSchema' xmlns:typens='http://www.esri.com/schemas/ArcGIS/10.4'&gt;&lt;WKT&gt;GEOGCS[&amp;quot;GCS_WGS_1984&amp;quot;,DATUM[&amp;quot;D_WGS_1984&amp;quot;,SPHEROID[&amp;quot;WGS_1984&amp;quot;,6378137.0,298.257223563]],PRIMEM[&amp;quot;Greenwich&amp;quot;,0.0],UNIT[&amp;quot;Degree&amp;quot;,0.0174532925199433],AUTHORITY[&amp;quot;EPSG&amp;quot;,4326]],VERTCS[&amp;quot;EGM96_Geoid&amp;quot;,VDATUM[&amp;quot;EGM96_Geoid&amp;quot;],PARAMETER[&amp;quot;Vertical_Shift&amp;quot;,0.0],PARAMETER[&amp;quot;Direction&amp;quot;,1.0],UNIT[&amp;quot;Meter&amp;quot;,1.0],AUTHORITY[&amp;quot;EPSG&amp;quot;,5773]]&lt;/WKT&gt;&lt;XOrigin&gt;-400&lt;/XOrigin&gt;&lt;YOrigin&gt;-400&lt;/YOrigin&gt;&lt;XYScale&gt;11258999068426.238&lt;/XYScale&gt;&lt;ZOrigin&gt;-100000&lt;/ZOrigin&gt;&lt;ZScale&gt;10000&lt;/ZScale&gt;&lt;MOrigin&gt;-100000&lt;/MOrigin&gt;&lt;MScale&gt;10000&lt;/MScale&gt;&lt;XYTolerance&gt;8.983152841195215e-009&lt;/XYTolerance&gt;&lt;ZTolerance&gt;0.001&lt;/ZTolerance&gt;&lt;MTolerance&gt;0.001&lt;/MTolerance&gt;&lt;HighPrecision&gt;true&lt;/HighPrecision&gt;&lt;LeftLongitude&gt;-180&lt;/LeftLongitude&gt;&lt;WKID&gt;4326&lt;/WKID&gt;&lt;LatestWKID&gt;4326&lt;/LatestWKID&gt;&lt;VCSWKID&gt;5773&lt;/VCSWKID&gt;&lt;LatestVCSWKID&gt;5773&lt;/LatestVCSWKID&gt;&lt;/GeographicCoordinateSystem&gt;</peXml></coordRef><lineage><Process ToolSource="c:\program files (x86)\arcgis\desktop10.1\ArcToolbox\Toolboxes\Data Management Tools.tbx\FeatureToPoint" Date="20131024" Time="115416">FeatureToPoint Idlib m:\SY_Syria\GeoData\UNOSAT\Data_to_Process\CE20110704SYR\Caryn\Idlib_Districts_Wikimapia\Final\Idlib_CityBorder_Point.shp CENTROID</Process><Process ToolSource="c:\program files (x86)\arcgis\desktop10.1\ArcToolbox\Toolboxes\Data Management Tools.tbx\FeatureToPolygon" Date="20131024" Time="115508">FeatureToPolygon Idlib m:\SY_Syria\GeoData\UNOSAT\Data_to_Process\CE20110704SYR\Caryn\Idlib_Districts_Wikimapia\Final\Idlib_CityBorder.shp # ATTRIBUTES Idlib_CityBorder_Point</Process><Process ToolSource="c:\program files (x86)\arcgis\desktop10.1\ArcToolbox\Toolboxes\Conversion Tools.tbx\FeatureClassToFeatureClass" Date="20131024" Time="133557">FeatureClassToFeatureClass m:\SY_Syria\GeoData\UNOSAT\Data_to_Process\CE20110704SYR\Caryn\Idlib_Districts_Wikimapia\Final\Idlib_CityBorder.shp m:\SY_Syria\GeoData\UNOSAT\Data_to_Process\CE20110704SYR\Caryn\Syria_Administrative_Areas.gdb City_Border_Idlib # "OID_ "OID_" true true false 9 Long 0 9 ,First,#,m:\SY_Syria\GeoData\UNOSAT\Data_to_Process\CE20110704SYR\Caryn\Idlib_Districts_Wikimapia\Final\Idlib_CityBorder.shp,OID_,-1,-1;Name "Name" true true false 254 Text 0 0 ,First,#,m:\SY_Syria\GeoData\UNOSAT\Data_to_Process\CE20110704SYR\Caryn\Idlib_Districts_Wikimapia\Final\Idlib_CityBorder.shp,Name,-1,-1;FolderPath "FolderPath" true true false 254 Text 0 0 ,First,#,m:\SY_Syria\GeoData\UNOSAT\Data_to_Process\CE20110704SYR\Caryn\Idlib_Districts_Wikimapia\Final\Idlib_CityBorder.shp,FolderPath,-1,-1;SymbolID "SymbolID" true true false 9 Long 0 9 ,First,#,m:\SY_Syria\GeoData\UNOSAT\Data_to_Process\CE20110704SYR\Caryn\Idlib_Districts_Wikimapia\Final\Idlib_CityBorder.shp,SymbolID,-1,-1;AltMode "AltMode" true true false 4 Short 0 4 ,First,#,m:\SY_Syria\GeoData\UNOSAT\Data_to_Process\CE20110704SYR\Caryn\Idlib_Districts_Wikimapia\Final\Idlib_CityBorder.shp,AltMode,-1,-1;Base "Base" true true false 19 Double 0 0 ,First,#,m:\SY_Syria\GeoData\UNOSAT\Data_to_Process\CE20110704SYR\Caryn\Idlib_Districts_Wikimapia\Final\Idlib_CityBorder.shp,Base,-1,-1;Clamped "Clamped" true true false 4 Short 0 4 ,First,#,m:\SY_Syria\GeoData\UNOSAT\Data_to_Process\CE20110704SYR\Caryn\Idlib_Districts_Wikimapia\Final\Idlib_CityBorder.shp,Clamped,-1,-1;Extruded "Extruded" true true false 4 Short 0 4 ,First,#,m:\SY_Syria\GeoData\UNOSAT\Data_to_Process\CE20110704SYR\Caryn\Idlib_Districts_Wikimapia\Final\Idlib_CityBorder.shp,Extruded,-1,-1;Snippet "Snippet" true true false 254 Text 0 0 ,First,#,m:\SY_Syria\GeoData\UNOSAT\Data_to_Process\CE20110704SYR\Caryn\Idlib_Districts_Wikimapia\Final\Idlib_CityBorder.shp,Snippet,-1,-1;PopupInfo "PopupInfo" true true false 254 Text 0 0 ,First,#,m:\SY_Syria\GeoData\UNOSAT\Data_to_Process\CE20110704SYR\Caryn\Idlib_Districts_Wikimapia\Final\Idlib_CityBorder.shp,PopupInfo,-1,-1;Shape_Leng "Shape_Leng" true true false 19 Double 0 0 ,First,#,m:\SY_Syria\GeoData\UNOSAT\Data_to_Process\CE20110704SYR\Caryn\Idlib_Districts_Wikimapia\Final\Idlib_CityBorder.shp,Shape_Leng,-1,-1;ORIG_FID "ORIG_FID" true true false 9 Long 0 9 ,First,#,m:\SY_Syria\GeoData\UNOSAT\Data_to_Process\CE20110704SYR\Caryn\Idlib_Districts_Wikimapia\Final\Idlib_CityBorder.shp,ORIG_FID,-1,-1" #</Process><Process ToolSource="c:\program files (x86)\arcgis\desktop10.1\ArcToolbox\Toolboxes\Data Management Tools.tbx\CalculateField" Date="20131024" Time="133917">CalculateField City_Border_Idlib Name "Idlib City Border" VB #</Process><Process ToolSource="c:\program files (x86)\arcgis\desktop10.1\ArcToolbox\Toolboxes\Data Management Tools.tbx\CalculateField" Date="20131024" Time="133929">CalculateField City_Border_Idlib Source "WikiMapia" VB #</Process><Process ToolSource="c:\program files (x86)\arcgis\desktop10.1\ArcToolbox\Toolboxes\Conversion Tools.tbx\FeatureClassToFeatureClass" Date="20140206" Time="105630">FeatureClassToFeatureClass M:\SY_Syria\GeoData\UNOSAT\Data_to_Process\CE20110704SYR\Caryn\Syria_Administrative_Areas.gdb\City_Border_Idlib "M:\SY_Syria\GeoData\UNOSAT\Data_to_Process\CE20130604SYR\OFDA-REACH Syria Project\Idlib\Geodatabase\CE20110704SYR_REACH_SDA_Idlib.gdb\Administrative" Idlib_City_Border # "Shape_Length "Shape_Length" false true true 8 Double 0 0 ,First,#,M:\SY_Syria\GeoData\UNOSAT\Data_to_Process\CE20110704SYR\Caryn\Syria_Administrative_Areas.gdb\City_Border_Idlib,Shape_Length,-1,-1;Shape_Area "Shape_Area" false true true 8 Double 0 0 ,First,#,M:\SY_Syria\GeoData\UNOSAT\Data_to_Process\CE20110704SYR\Caryn\Syria_Administrative_Areas.gdb\City_Border_Idlib,Shape_Area,-1,-1;Name "Name" true true false 50 Text 0 0 ,First,#,M:\SY_Syria\GeoData\UNOSAT\Data_to_Process\CE20110704SYR\Caryn\Syria_Administrative_Areas.gdb\City_Border_Idlib,Name,-1,-1;Source "Source" true true false 50 Text 0 0 ,First,#,M:\SY_Syria\GeoData\UNOSAT\Data_to_Process\CE20110704SYR\Caryn\Syria_Administrative_Areas.gdb\City_Border_Idlib,Source,-1,-1" #</Process><Process ToolSource="c:\program files (x86)\arcgis\desktop10.1\ArcToolbox\Toolboxes\Conversion Tools.tbx\FeatureClassToFeatureClass" Date="20140422" Time="111331">FeatureClassToFeatureClass "\\cernunosat04\gis\SY_Syria\GeoData\UNOSAT\Data_to_Process\CE20130604SYR\OFDA-REACH Syria Project\Idlib\Geodatabase\CE20110704SYR_REACH_SDA_Idlib.gdb\Administrative\Idlib_City_Border" "\\cernunosat04\gis\SY_Syria\GeoData\UNOSAT\Data_to_Process\CE20130604SYR\OFDA-REACH Syria Project\Final\CE20130604SYR_REACH_SDA_22042014.gdb\Administrative" Idlib_CityBorder # "Name "Name" true true false 50 Text 0 0 ,First,#,\\cernunosat04\gis\SY_Syria\GeoData\UNOSAT\Data_to_Process\CE20130604SYR\OFDA-REACH Syria Project\Idlib\Geodatabase\CE20110704SYR_REACH_SDA_Idlib.gdb\Administrative\Idlib_City_Border,Name,-1,-1;Source "Source" true true false 50 Text 0 0 ,First,#,\\cernunosat04\gis\SY_Syria\GeoData\UNOSAT\Data_to_Process\CE20130604SYR\OFDA-REACH Syria Project\Idlib\Geodatabase\CE20110704SYR_REACH_SDA_Idlib.gdb\Administrative\Idlib_City_Border,Source,-1,-1;Shape_Length "Shape_Length" false true true 8 Double 0 0 ,First,#,\\cernunosat04\gis\SY_Syria\GeoData\UNOSAT\Data_to_Process\CE20130604SYR\OFDA-REACH Syria Project\Idlib\Geodatabase\CE20110704SYR_REACH_SDA_Idlib.gdb\Administrative\Idlib_City_Border,Shape_Length,-1,-1;Shape_Area "Shape_Area" false true true 8 Double 0 0 ,First,#,\\cernunosat04\gis\SY_Syria\GeoData\UNOSAT\Data_to_Process\CE20130604SYR\OFDA-REACH Syria Project\Idlib\Geodatabase\CE20110704SYR_REACH_SDA_Idlib.gdb\Administrative\Idlib_City_Border,Shape_Area,-1,-1" #</Process><Process ToolSource="c:\program files (x86)\arcgis\desktop10.1\ArcToolbox\Toolboxes\Data Management Tools.tbx\CalculateField" Date="20140422" Time="113033">CalculateField CityBorder Name "Hama City Border" VB #</Process><Process ToolSource="c:\program files (x86)\arcgis\desktop10.1\ArcToolbox\Toolboxes\Data Management Tools.tbx\CalculateField" Date="20140422" Time="113046">CalculateField CityBorder Source "Wikimapia" VB #</Process><Process ToolSource="c:\program files (x86)\arcgis\desktop10.1\ArcToolbox\Toolboxes\Data Management Tools.tbx\CalculateField" Date="20140422" Time="113120">CalculateField CityBorder Name !Name!.replace(" City Border","") PYTHON_9.3 #</Process><Process ToolSource="c:\program files (x86)\arcgis\desktop10.1\ArcToolbox\Toolboxes\Data Management Tools.tbx\CalculateField" Date="20140422" Time="113127">CalculateField CityBorder Name !Name!.replace(" City Border","") PYTHON_9.3 #</Process><Process ToolSource="c:\program files (x86)\arcgis\desktop10.1\ArcToolbox\Toolboxes\Data Management Tools.tbx\CalculateField" Date="20140423" Time="170821">CalculateField CityBorder Name "Raqqa" VB #</Process><Process ToolSource="c:\program files (x86)\arcgis\desktop10.1\ArcToolbox\Toolboxes\Data Management Tools.tbx\CalculateField" Date="20140423" Time="170927">CalculateField CityBorder Name "Deir ez Zor" VB #</Process><Process ToolSource="c:\program files (x86)\arcgis\desktop10.1\ArcToolbox\Toolboxes\Data Management Tools.tbx\CalculateField" Date="20140423" Time="170948">CalculateField CityBorder Shape "Homs" VB #</Process><Process ToolSource="c:\program files (x86)\arcgis\desktop10.1\ArcToolbox\Toolboxes\Data Management Tools.tbx\CalculateField" Date="20140423" Time="171000">CalculateField CityBorder Name "Homs" VB #</Process><Process ToolSource="c:\program files (x86)\arcgis\desktop10.1\ArcToolbox\Toolboxes\Data Management Tools.tbx\CalculateField" Date="20140423" Time="171027">CalculateField CityBorder Name "Daraa" VB #</Process><Process ToolSource="c:\program files (x86)\arcgis\desktop10.1\ArcToolbox\Toolboxes\Data Management Tools.tbx\CalculateField" Date="20140423" Time="171041">CalculateField CityBorder Source "WikiMapia" VB #</Process><Process ToolSource="c:\program files (x86)\arcgis\desktop10.1\ArcToolbox\Toolboxes\Data Management Tools.tbx\CalculateField" Date="20140425" Time="161606">CalculateField CityBorder Name "Aleppo" VB #</Process><Process ToolSource="c:\program files (x86)\arcgis\desktop10.1\ArcToolbox\Toolboxes\Data Management Tools.tbx\CalculateField" Date="20140425" Time="161618">CalculateField CityBorder Source "Wikimapia" VB #</Process><Process ToolSource="c:\program files (x86)\arcgis\desktop10.3\ArcToolbox\Toolboxes\Data Management Tools.tbx\CalculateField" Date="20161028" Time="003032">CalculateField City_Borders Source "Wikimapia" VB #</Process><Process ToolSource="c:\program files (x86)\arcgis\desktop10.4\ArcToolbox\Toolboxes\Conversion Tools.tbx\FeatureClassToFeatureClass" Date="20161215" Time="153324">FeatureClassToFeatureClass GPL0 Z:\Websites\u\unosat-maps\SY\CE20130604SYR\UNOSAT_CE20130604SYR_DamageAssessment_OFDA_REACH_UPDATE4 Settlements # "Name "Name" true true false 50 Text 0 0 ,First,#,Z:\Websites\u\unosat-maps\SY\CE20130604SYR\UNOSAT_CE20130604SYR_DamageAssessment_OFDA_REACH_UPDATE4\UNOSAT_CE20130604SYR_Syria_Damage_Assessment_2016.gdb\Administrative\Settlements,Name,-1,-1;Source "Source" true true false 50 Text 0 0 ,First,#,Z:\Websites\u\unosat-maps\SY\CE20130604SYR\UNOSAT_CE20130604SYR_DamageAssessment_OFDA_REACH_UPDATE4\UNOSAT_CE20130604SYR_Syria_Damage_Assessment_2016.gdb\Administrative\Settlements,Source,-1,-1" #</Process></lineage></DataProperties><SyncDate>20161215</SyncDate><SyncTime>15332300</SyncTime><ModDate>20161215</ModDate><ModTime>15332300</ModTime></Esri><dataIdInfo><envirDesc Sync="TRUE">Microsoft Windows 7 Version 6.1 (Build 7601) Service Pack 1; Esri ArcGIS 10.4.1.5686</envirDesc><dataLang><languageCode value="eng" Sync="TRUE"></languageCode><countryCode value="USA" Sync="TRUE"></countryCode></dataLang><idCitation><resTitle Sync="TRUE">Settlements</resTitle><presForm><PresFormCd value="005" Sync="TRUE"></PresFormCd></presForm></idCitation><spatRpType><SpatRepTypCd value="001" Sync="TRUE"></SpatRepTypCd></spatRpType></dataIdInfo><mdLang><languageCode value="eng" Sync="TRUE"></languageCode><countryCode value="USA" Sync="TRUE"></countryCode></mdLang><mdChar><CharSetCd value="004" Sync="TRUE"></CharSetCd></mdChar><distInfo><distFormat><formatName Sync="TRUE">Shapefile</formatName></distFormat><distTranOps><transSize Sync="TRUE">0.000</transSize></distTranOps></distInfo><mdHrLv><ScopeCd value="005" Sync="TRUE"></ScopeCd></mdHrLv><mdHrLvName Sync="TRUE">dataset</mdHrLvName><refSysInfo><RefSystem><refSysID><identCode code="4326" Sync="TRUE" value="4326"></identCode><idCodeSpace Sync="TRUE">EPSG</idCodeSpace><idVersion Sync="TRUE">6.14(3.0.1)</idVersion></refSysID></RefSystem></refSysInfo><spatRepInfo><VectSpatRep><geometObjs Name="Settlements"><geoObjTyp><GeoObjTypCd value="002" Sync="TRUE"></GeoObjTypCd></geoObjTyp><geoObjCnt Sync="TRUE">0</geoObjCnt></geometObjs><topLvl><TopoLevCd value="001" Sync="TRUE"></TopoLevCd></topLvl></VectSpatRep></spatRepInfo><spdoinfo><ptvctinf><esriterm Name="Settlements"><efeatyp Sync="TRUE">Simple</efeatyp><efeageom code="4" Sync="TRUE"></efeageom><esritopo Sync="TRUE">FALSE</esritopo><efeacnt Sync="TRUE">0</efeacnt><spindex Sync="TRUE">FALSE</spindex><linrefer Sync="TRUE">TRUE</linrefer></esriterm></ptvctinf></spdoinfo><eainfo><detailed Name="Settlements"><enttyp><enttypl Sync="TRUE">Settlements</enttypl><enttypt Sync="TRUE">Feature Class</enttypt><enttypc Sync="TRUE">0</enttypc></enttyp><attr><attrlabl Sync="TRUE">FID</attrlabl><attalias Sync="TRUE">FID</attalias><attrtype Sync="TRUE">OID</attrtype><attwidth Sync="TRUE">4</attwidth><atprecis Sync="TRUE">0</atprecis><attscale Sync="TRUE">0</attscale><attrdef Sync="TRUE">Internal feature number.</attrdef><attrdefs Sync="TRUE">Esri</attrdefs><attrdomv><udom Sync="TRUE">Sequential unique whole numbers that are automatically generated.</udom></attrdomv></attr><attr><attrlabl Sync="TRUE">Shape</attrlabl><attalias Sync="TRUE">Shape</attalias><attrtype Sync="TRUE">Geometry</attrtype><attwidth Sync="TRUE">0</attwidth><atprecis Sync="TRUE">0</atprecis><attscale Sync="TRUE">0</attscale><attrdef Sync="TRUE">Feature geometry.</attrdef><attrdefs Sync="TRUE">Esri</attrdefs><attrdomv><udom Sync="TRUE">Coordinates defining the features.</udom></attrdomv></attr><attr><attrlabl Sync="TRUE">Name</attrlabl><attalias Sync="TRUE">Name</attalias><attrtype Sync="TRUE">String</attrtype><attwidth Sync="TRUE">50</attwidth><atprecis Sync="TRUE">0</atprecis><attscale Sync="TRUE">0</attscale></attr><attr><attrlabl Sync="TRUE">Source</attrlabl><attalias Sync="TRUE">Source</attalias><attrtype Sync="TRUE">String</attrtype><attwidth Sync="TRUE">50</attwidth><atprecis Sync="TRUE">0</atprecis><attscale Sync="TRUE">0</attscale></attr></detailed></eainfo><mdDateSt Sync="TRUE">20161215</mdDateSt></metadata>
