<metadata xml:lang="en"><Esri><CreaDate>20140815</CreaDate><CreaTime>15385600</CreaTime><ArcGISFormat>1.0</ArcGISFormat><SyncOnce>FALSE</SyncOnce><DataProperties><itemProps><itemName Sync="TRUE">Cloud_Cover_Aleppo_20140523</itemName><imsContentType Sync="TRUE">002</imsContentType><itemLocation><linkage Sync="TRUE">file://\\cern.ch\dfs\Websites\u\unosat-maps\SY\CE20130604SYR\UNOSAT_CE20130604SYR_DamageAssessment_OFDA_REACH_UPDATE4\Cloud_Cover_Aleppo_20140523.shp</linkage><protocol Sync="TRUE">Local Area Network</protocol></itemLocation><itemSize Sync="TRUE">0.000</itemSize></itemProps><coordRef><type Sync="TRUE">Geographic</type><geogcsn Sync="TRUE">GCS_WGS_1984</geogcsn><csUnits Sync="TRUE">Angular Unit: Degree (0.017453)</csUnits><peXml Sync="TRUE">&lt;GeographicCoordinateSystem xsi:type='typens:GeographicCoordinateSystem' xmlns:xsi='http://www.w3.org/2001/XMLSchema-instance' xmlns:xs='http://www.w3.org/2001/XMLSchema' xmlns:typens='http://www.esri.com/schemas/ArcGIS/10.4'&gt;&lt;WKT&gt;GEOGCS[&amp;quot;GCS_WGS_1984&amp;quot;,DATUM[&amp;quot;D_WGS_1984&amp;quot;,SPHEROID[&amp;quot;WGS_1984&amp;quot;,6378137.0,298.257223563]],PRIMEM[&amp;quot;Greenwich&amp;quot;,0.0],UNIT[&amp;quot;Degree&amp;quot;,0.0174532925199433],AUTHORITY[&amp;quot;EPSG&amp;quot;,4326]]&lt;/WKT&gt;&lt;XOrigin&gt;-400&lt;/XOrigin&gt;&lt;YOrigin&gt;-400&lt;/YOrigin&gt;&lt;XYScale&gt;11258999068426.238&lt;/XYScale&gt;&lt;ZOrigin&gt;-100000&lt;/ZOrigin&gt;&lt;ZScale&gt;10000&lt;/ZScale&gt;&lt;MOrigin&gt;-100000&lt;/MOrigin&gt;&lt;MScale&gt;10000&lt;/MScale&gt;&lt;XYTolerance&gt;8.983152841195215e-009&lt;/XYTolerance&gt;&lt;ZTolerance&gt;0.001&lt;/ZTolerance&gt;&lt;MTolerance&gt;0.001&lt;/MTolerance&gt;&lt;HighPrecision&gt;true&lt;/HighPrecision&gt;&lt;LeftLongitude&gt;-180&lt;/LeftLongitude&gt;&lt;WKID&gt;4326&lt;/WKID&gt;&lt;LatestWKID&gt;4326&lt;/LatestWKID&gt;&lt;/GeographicCoordinateSystem&gt;</peXml></coordRef><lineage><Process ToolSource="c:\program files (x86)\arcgis\desktop10.2\ArcToolbox\Toolboxes\Conversion Tools.tbx\FeatureClassToFeatureClass" Date="20140716" Time="115703">FeatureClassToFeatureClass "\\cernunosat04\gis\SY_Syria\GeoData\UNOSAT\Data_to_Process\CE20130604SYR\OFDA-REACH Syria Project\Idlib\Geodatabase\CE20110704SYR_REACH_SDA_Idlib_Update_02052014_.gdb\Damage_Analysis\Cloud_Cover_5_March_2014" "\\cernunosat04\gis\SY_Syria\GeoData\UNOSAT\Data_to_Process\CE20130604SYR\OFDA-REACH Syria Project\UPDATE 2 - Final\CE20130604SYR_OFDA_REACH_SDA_UPDATE2_20140715.gdb\Cloud_Cover" Cloud_Cover_5MARCH2014_Idlib # "Sensor_ID "Sensor_ID" true true false 4 Long 0 0 ,First,#,\\cernunosat04\gis\SY_Syria\GeoData\UNOSAT\Data_to_Process\CE20130604SYR\OFDA-REACH Syria Project\Idlib\Geodatabase\CE20110704SYR_REACH_SDA_Idlib_Update_02052014_.gdb\Damage_Analysis\Cloud_Cover_5_March_2014,Sensor_ID,-1,-1;Date "Date" true true false 8 Date 0 0 ,First,#,\\cernunosat04\gis\SY_Syria\GeoData\UNOSAT\Data_to_Process\CE20130604SYR\OFDA-REACH Syria Project\Idlib\Geodatabase\CE20110704SYR_REACH_SDA_Idlib_Update_02052014_.gdb\Damage_Analysis\Cloud_Cover_5_March_2014,Date,-1,-1;SHAPE_Length "SHAPE_Length" false true true 8 Double 0 0 ,First,#,\\cernunosat04\gis\SY_Syria\GeoData\UNOSAT\Data_to_Process\CE20130604SYR\OFDA-REACH Syria Project\Idlib\Geodatabase\CE20110704SYR_REACH_SDA_Idlib_Update_02052014_.gdb\Damage_Analysis\Cloud_Cover_5_March_2014,SHAPE_Length,-1,-1;SHAPE_Area "SHAPE_Area" false true true 8 Double 0 0 ,First,#,\\cernunosat04\gis\SY_Syria\GeoData\UNOSAT\Data_to_Process\CE20130604SYR\OFDA-REACH Syria Project\Idlib\Geodatabase\CE20110704SYR_REACH_SDA_Idlib_Update_02052014_.gdb\Damage_Analysis\Cloud_Cover_5_March_2014,SHAPE_Area,-1,-1" #</Process><Process ToolSource="c:\program files (x86)\arcgis\desktop10.2\ArcToolbox\Toolboxes\Data Management Tools.tbx\CalculateField" Date="20140815" Time="154604">CalculateField Cloud_Cover_23MAY2014_Aleppo Sensor_ID 2 VB #</Process><Process ToolSource="c:\program files (x86)\arcgis\desktop10.2\ArcToolbox\Toolboxes\Data Management Tools.tbx\CalculateField" Date="20140815" Time="154619">CalculateField Cloud_Cover_23MAY2014_Aleppo Date "23 May 2014" VB #</Process><Process ToolSource="c:\program files (x86)\arcgis\desktop10.4\ArcToolbox\Toolboxes\Conversion Tools.tbx\FeatureClassToFeatureClass" Date="20161215" Time="154055">FeatureClassToFeatureClass GPL0 Z:\Websites\u\unosat-maps\SY\CE20130604SYR\UNOSAT_CE20130604SYR_DamageAssessment_OFDA_REACH_UPDATE4 Cloud_Cover_Aleppo_20140523 # "Sensor_ID "Sensor_ID" true true false 255 Text 0 0 ,First,#,Z:\Websites\u\unosat-maps\SY\CE20130604SYR\UNOSAT_CE20130604SYR_DamageAssessment_OFDA_REACH_UPDATE4\UNOSAT_CE20130604SYR_Syria_Damage_Assessment_2016.gdb\Cloud_Cover\Cloud_Cover_Aleppo_20140523,Sensor_ID,-1,-1;Date "Date" true true false 8 Date 0 0 ,First,#,Z:\Websites\u\unosat-maps\SY\CE20130604SYR\UNOSAT_CE20130604SYR_DamageAssessment_OFDA_REACH_UPDATE4\UNOSAT_CE20130604SYR_Syria_Damage_Assessment_2016.gdb\Cloud_Cover\Cloud_Cover_Aleppo_20140523,Date,-1,-1" #</Process></lineage></DataProperties><SyncDate>20161215</SyncDate><SyncTime>15405400</SyncTime><ModDate>20161215</ModDate><ModTime>15405400</ModTime></Esri><dataIdInfo><envirDesc Sync="TRUE">Microsoft Windows 7 Version 6.1 (Build 7601) Service Pack 1; Esri ArcGIS 10.4.1.5686</envirDesc><dataLang><languageCode value="eng" Sync="TRUE"></languageCode><countryCode value="USA" Sync="TRUE"></countryCode></dataLang><idCitation><resTitle Sync="TRUE">Cloud_Cover_Aleppo_20140523</resTitle><presForm><PresFormCd value="005" Sync="TRUE"></PresFormCd></presForm></idCitation><spatRpType><SpatRepTypCd value="001" Sync="TRUE"></SpatRepTypCd></spatRpType></dataIdInfo><mdLang><languageCode value="eng" Sync="TRUE"></languageCode><countryCode value="USA" Sync="TRUE"></countryCode></mdLang><distInfo><distFormat><formatName Sync="TRUE">Shapefile</formatName></distFormat><distTranOps><transSize Sync="TRUE">0.000</transSize></distTranOps></distInfo><mdHrLv><ScopeCd value="005" Sync="TRUE"></ScopeCd></mdHrLv><mdHrLvName Sync="TRUE">dataset</mdHrLvName><refSysInfo><RefSystem><refSysID><identCode code="4326" Sync="TRUE"></identCode><idCodeSpace Sync="TRUE">EPSG</idCodeSpace><idVersion Sync="TRUE">6.14(3.0.1)</idVersion></refSysID></RefSystem></refSysInfo><spatRepInfo><VectSpatRep><geometObjs Name="Cloud_Cover_Aleppo_20140523"><geoObjTyp><GeoObjTypCd value="002" Sync="TRUE"></GeoObjTypCd></geoObjTyp><geoObjCnt Sync="TRUE">0</geoObjCnt></geometObjs><topLvl><TopoLevCd value="001" Sync="TRUE"></TopoLevCd></topLvl></VectSpatRep></spatRepInfo><spdoinfo><ptvctinf><esriterm Name="Cloud_Cover_Aleppo_20140523"><efeatyp Sync="TRUE">Simple</efeatyp><efeageom code="4" Sync="TRUE"></efeageom><esritopo Sync="TRUE">FALSE</esritopo><efeacnt Sync="TRUE">0</efeacnt><spindex Sync="TRUE">FALSE</spindex><linrefer Sync="TRUE">FALSE</linrefer></esriterm></ptvctinf></spdoinfo><eainfo><detailed Name="Cloud_Cover_Aleppo_20140523"><enttyp><enttypl Sync="TRUE">Cloud_Cover_Aleppo_20140523</enttypl><enttypt Sync="TRUE">Feature Class</enttypt><enttypc Sync="TRUE">0</enttypc></enttyp><attr><attrlabl Sync="TRUE">FID</attrlabl><attalias Sync="TRUE">FID</attalias><attrtype Sync="TRUE">OID</attrtype><attwidth Sync="TRUE">4</attwidth><atprecis Sync="TRUE">0</atprecis><attscale Sync="TRUE">0</attscale><attrdef Sync="TRUE">Internal feature number.</attrdef><attrdefs Sync="TRUE">Esri</attrdefs><attrdomv><udom Sync="TRUE">Sequential unique whole numbers that are automatically generated.</udom></attrdomv></attr><attr><attrlabl Sync="TRUE">Shape</attrlabl><attalias Sync="TRUE">Shape</attalias><attrtype Sync="TRUE">Geometry</attrtype><attwidth Sync="TRUE">0</attwidth><atprecis Sync="TRUE">0</atprecis><attscale Sync="TRUE">0</attscale><attrdef Sync="TRUE">Feature geometry.</attrdef><attrdefs Sync="TRUE">Esri</attrdefs><attrdomv><udom Sync="TRUE">Coordinates defining the features.</udom></attrdomv></attr><attr><attrlabl Sync="TRUE">Sensor_ID</attrlabl><attalias Sync="TRUE">Sensor_ID</attalias><attrtype Sync="TRUE">String</attrtype><attwidth Sync="TRUE">254</attwidth><atprecis Sync="TRUE">0</atprecis><attscale Sync="TRUE">0</attscale></attr><attr><attrlabl Sync="TRUE">Date</attrlabl><attalias Sync="TRUE">Date</attalias><attrtype Sync="TRUE">Date</attrtype><attwidth Sync="TRUE">8</attwidth><atprecis Sync="TRUE">0</atprecis><attscale Sync="TRUE">0</attscale></attr></detailed></eainfo><mdDateSt Sync="TRUE">20161215</mdDateSt></metadata>
