<metadata xml:lang="en"><Esri><CreaDate>20150624</CreaDate><CreaTime>14074700</CreaTime><ArcGISFormat>1.0</ArcGISFormat><SyncOnce>FALSE</SyncOnce><DataProperties><lineage><Process ToolSource="c:\program files (x86)\arcgis\desktop10.3\ArcToolbox\Toolboxes\Data Management Tools.tbx\CalculateField" Date="20150608" Time="150637">CalculateField "GDB - Damage Sites\Damage_sites_Update_3_Raqqa_v2" Main_Damage_Site_Class_3 [Main_Damage_Site_Class_2] VB #</Process><Process ToolSource="c:\program files (x86)\arcgis\desktop10.3\ArcToolbox\Toolboxes\Data Management Tools.tbx\CalculateField" Date="20150608" Time="150655">CalculateField "GDB - Damage Sites\Damage_sites_Update_3_Raqqa_v2" ConfidenceID_3 [ConfidenceID_2] VB #</Process><Process ToolSource="c:\program files (x86)\arcgis\desktop10.2\ArcToolbox\Toolboxes\Data Management Tools.tbx\CalculateField" Date="20150608" Time="155306">CalculateField Damage_sites_Update_3_Raqqa_v2 SensorDate_3 "#29 May 2015#" VB #</Process><Process ToolSource="c:\program files (x86)\arcgis\desktop10.2\ArcToolbox\Toolboxes\Data Management Tools.tbx\CalculateField" Date="20150608" Time="155333">CalculateField Damage_sites_Update_3_Raqqa_v2 SensorID_3 35 VB #</Process><Process ToolSource="c:\program files (x86)\arcgis\desktop10.2\ArcToolbox\Toolboxes\Data Management Tools.tbx\CalculateField" Date="20150612" Time="152641">CalculateField Damage_sites_Update_3_Raqqa_v2 SiteID 21 VB #</Process><Process ToolSource="c:\program files (x86)\arcgis\desktop10.2\ArcToolbox\Toolboxes\Data Management Tools.tbx\CalculateField" Date="20150618" Time="101331">CalculateField Damage_sites_Update_3_Raqqa_v2 Damage_Status_3 0 VB #</Process><Process ToolSource="c:\program files (x86)\arcgis\desktop10.2\ArcToolbox\Toolboxes\Data Management Tools.tbx\CalculateField" Date="20150618" Time="102701">CalculateField Damage_sites_Update_3_Raqqa_v2 Damage_Status_3 0 VB #</Process><Process ToolSource="c:\program files (x86)\arcgis\desktop10.2\ArcToolbox\Toolboxes\Data Management Tools.tbx\CalculateField" Date="20150618" Time="103906">CalculateField Damage_sites_Update_3_Raqqa_v2 Damage_Status_3 0 VB #</Process><Process ToolSource="c:\program files (x86)\arcgis\desktop10.2\ArcToolbox\Toolboxes\Data Management Tools.tbx\CalculateField" Date="20150618" Time="104736">CalculateField Damage_sites_Update_3_Raqqa_v2 Damage_Status_3 0 VB #</Process><Process ToolSource="c:\program files (x86)\arcgis\desktop10.2\ArcToolbox\Toolboxes\Data Management Tools.tbx\CalculateField" Date="20150618" Time="112319">CalculateField Damage_sites_Update_3_Raqqa_v2 Damage_Status_3 0 VB #</Process><Process ToolSource="c:\program files (x86)\arcgis\desktop10.2\ArcToolbox\Toolboxes\Data Management Tools.tbx\CalculateField" Date="20150618" Time="113530">CalculateField Damage_sites_Update_3_Raqqa_v2 Damage_Status_3 0 VB #</Process><Process ToolSource="c:\program files (x86)\arcgis\desktop10.2\ArcToolbox\Toolboxes\Data Management Tools.tbx\CalculateField" Date="20150618" Time="125303">CalculateField Damage_sites_Update_3_Raqqa_v2 Damage_Status_3 0 VB #</Process><Process ToolSource="c:\program files (x86)\arcgis\desktop10.2\ArcToolbox\Toolboxes\Data Management Tools.tbx\CalculateField" Date="20150618" Time="152548">CalculateField Damage_sites_Update_3_Raqqa_v2 Damage_Status_3 0 VB #</Process><Process ToolSource="c:\program files (x86)\arcgis\desktop10.2\ArcToolbox\Toolboxes\Data Management Tools.tbx\CalculateField" Date="20150618" Time="170634">CalculateField Damage_sites_Update_3_Raqqa_v2 Damage_Status_3 0 VB #</Process><Process ToolSource="c:\program files (x86)\arcgis\desktop10.2\ArcToolbox\Toolboxes\Data Management Tools.tbx\CalculateField" Date="20150619" Time="080935">CalculateField Damage_sites_Update_3_Raqqa_v2 Damage_Status_3 0 VB #</Process><Process ToolSource="c:\program files (x86)\arcgis\desktop10.2\ArcToolbox\Toolboxes\Data Management Tools.tbx\CalculateField" Date="20150619" Time="104135">CalculateField Damage_sites_Update_3_Raqqa_v2 Damage_Status_3 0 VB #</Process><Process ToolSource="c:\program files (x86)\arcgis\desktop10.2\ArcToolbox\Toolboxes\Data Management Tools.tbx\CalculateField" Date="20150619" Time="113553">CalculateField Damage_sites_Update_3_Raqqa_v2 Damage_Status_3 0 VB #</Process><Process ToolSource="c:\program files (x86)\arcgis\desktop10.2\ArcToolbox\Toolboxes\Data Management Tools.tbx\CalculateField" Date="20150619" Time="114356">CalculateField Damage_sites_Update_3_Raqqa_v2 Damage_Status_3 0 VB #</Process><Process ToolSource="c:\program files (x86)\arcgis\desktop10.2\ArcToolbox\Toolboxes\Data Management Tools.tbx\CalculateField" Date="20150619" Time="114821">CalculateField Damage_sites_Update_3_Raqqa_v2 Damage_Status_3 0 VB #</Process><Process ToolSource="c:\program files (x86)\arcgis\desktop10.2\ArcToolbox\Toolboxes\Data Management Tools.tbx\CalculateField" Date="20150619" Time="155324">CalculateField Damage_sites_Update_3_Raqqa_v2 Damage_Status_3 0 VB #</Process><Process ToolSource="c:\program files (x86)\arcgis\desktop10.2\ArcToolbox\Toolboxes\Data Management Tools.tbx\CalculateField" Date="20150619" Time="190012">CalculateField Damage_sites_Update_3_Raqqa_v2 Damage_Status_3 0 VB #</Process><Process ToolSource="c:\program files (x86)\arcgis\desktop10.2\ArcToolbox\Toolboxes\Data Management Tools.tbx\CalculateField" Date="20150621" Time="135243">CalculateField Damage_sites_Update_3_Raqqa_v2 Notes "Temporary structure" VB #</Process><Process ToolSource="c:\program files (x86)\arcgis\desktop10.2\ArcToolbox\Toolboxes\Data Management Tools.tbx\CalculateField" Date="20150621" Time="163404">CalculateField Damage_sites_Update_3_Raqqa_v2 Notes "Temporary structure" VB #</Process><Process ToolSource="c:\program files (x86)\arcgis\desktop10.2\ArcToolbox\Toolboxes\Data Management Tools.tbx\CalculateField" Date="20150621" Time="164658">CalculateField Damage_sites_Update_3_Raqqa_v2 Notes "Temporary structure" VB #</Process><Process ToolSource="c:\program files (x86)\arcgis\desktop10.2\ArcToolbox\Toolboxes\Data Management Tools.tbx\CalculateField" Date="20150622" Time="144414">CalculateField Damage_sites_Update_3_Raqqa_v2 Neighborhood "Omari Neighborhood" VB #</Process><Process ToolSource="c:\program files (x86)\arcgis\desktop10.2\ArcToolbox\Toolboxes\Data Management Tools.tbx\CalculateField" Date="20150622" Time="144913">CalculateField Damage_sites_Update_3_Raqqa_v2 Neighborhood "Old City" VB #</Process><Process ToolSource="c:\program files (x86)\arcgis\desktop10.2\ArcToolbox\Toolboxes\Data Management Tools.tbx\CalculateField" Date="20150622" Time="145123">CalculateField Damage_sites_Update_3_Raqqa_v2 Neighborhood "Rawdah" VB #</Process><Process ToolSource="c:\program files (x86)\arcgis\desktop10.2\ArcToolbox\Toolboxes\Data Management Tools.tbx\CalculateField" Date="20150622" Time="145313">CalculateField Damage_sites_Update_3_Raqqa_v2 Neighborhood "Industrial District" VB #</Process><Process ToolSource="c:\program files (x86)\arcgis\desktop10.2\ArcToolbox\Toolboxes\Data Management Tools.tbx\CalculateField" Date="20150622" Time="145509">CalculateField Damage_sites_Update_3_Raqqa_v2 Neighborhood "Al-Mashalab" VB #</Process><Process ToolSource="c:\program files (x86)\arcgis\desktop10.2\ArcToolbox\Toolboxes\Data Management Tools.tbx\CalculateField" Date="20150622" Time="145853">CalculateField Damage_sites_Update_3_Raqqa_v2 Neighborhood "Unknown" VB #</Process><Process ToolSource="c:\program files (x86)\arcgis\desktop10.2\ArcToolbox\Toolboxes\Data Management Tools.tbx\CalculateField" Date="20150623" Time="082847">CalculateField Damage_sites_Update_3_Raqqa_v2 Notes "Temporary structure" VB #</Process><Process ToolSource="c:\program files (x86)\arcgis\desktop10.2\ArcToolbox\Toolboxes\Data Management Tools.tbx\CalculateField" Date="20150623" Time="083216">CalculateField Damage_sites_Update_3_Raqqa_v2 Notes "Temporary structure" VB #</Process><Process ToolSource="c:\program files (x86)\arcgis\desktop10.2\ArcToolbox\Toolboxes\Data Management Tools.tbx\CalculateField" Date="20150623" Time="083536">CalculateField Damage_sites_Update_3_Raqqa_v2 Neighborhood "Unknown" VB #</Process><Process ToolSource="c:\program files (x86)\arcgis\desktop10.2\ArcToolbox\Toolboxes\Data Management Tools.tbx\CalculateField" Date="20150623" Time="154238">CalculateField Damage_sites_Update_3_Raqqa_v2 Notes "Temporary structure" VB #</Process><Process ToolSource="c:\program files (x86)\arcgis\desktop10.2\ArcToolbox\Toolboxes\Data Management Tools.tbx\CalculateField" Date="20150623" Time="154309">CalculateField Damage_sites_Update_3_Raqqa_v2 Neighborhood "Unknown" VB #</Process><Process ToolSource="c:\program files (x86)\arcgis\desktop10.3\ArcToolbox\Toolboxes\Data Management Tools.tbx\CalculateField" Date="20150624" Time="122215">CalculateField "GDB - Damage Sites\Damage_sites_Update_3_Raqqa_v2" Notes "Reconstruction" VB #</Process><Process ToolSource="c:\program files (x86)\arcgis\desktop10.3\ArcToolbox\Toolboxes\Data Management Tools.tbx\CalculateField" Date="20150624" Time="123540">CalculateField "GDB - Damage Sites\Damage_sites_Update_3_Raqqa_v2" Main_Damage_Site_Class_3 [Main_Damage_Site_Class_2] VB #</Process><Process ToolSource="c:\program files (x86)\arcgis\desktop10.3\ArcToolbox\Toolboxes\Data Management Tools.tbx\CalculateField" Date="20150624" Time="123553">CalculateField "GDB - Damage Sites\Damage_sites_Update_3_Raqqa_v2" ConfidenceID_3 [ConfidenceID_2] VB #</Process><Process ToolSource="c:\program files (x86)\arcgis\desktop10.3\ArcToolbox\Toolboxes\Data Management Tools.tbx\CalculateField" Date="20150624" Time="123610">CalculateField "GDB - Damage Sites\Damage_sites_Update_3_Raqqa_v2" Notes "Temporary structure" VB #</Process><Process ToolSource="c:\program files (x86)\arcgis\desktop10.3\ArcToolbox\Toolboxes\Data Management Tools.tbx\CalculateField" Date="20150624" Time="123633">CalculateField "GDB - Damage Sites\Damage_sites_Update_3_Raqqa_v2" Damage_Status_3 0 VB #</Process><Process ToolSource="c:\program files (x86)\arcgis\desktop10.4\ArcToolbox\Toolboxes\Data Management Tools.tbx\CalculateField" Date="20161027" Time="093847">CalculateField "Al-Raqqah\Damage Assessment\UNOSAT CDA\1st Damage Assessment - 2013 - 351 New Damage Points" SensorDate_3 Null VB #</Process><Process ToolSource="c:\program files (x86)\arcgis\desktop10.4\ArcToolbox\Toolboxes\Data Management Tools.tbx\CalculateField" Date="20161027" Time="093858">CalculateField "Al-Raqqah\Damage Assessment\UNOSAT CDA\1st Damage Assessment - 2013 - 351 New Damage Points" SensorID_3 Null VB #</Process><Process ToolSource="c:\program files (x86)\arcgis\desktop10.3\ArcToolbox\Toolboxes\Data Management Tools.tbx\CalculateField" Date="20161027" Time="231641">CalculateField "Damage_Sites_Raqqa_CDA UNOSAT FINAL" SensorDate_3 "#29 May 2015#" VB #</Process><Process ToolSource="c:\program files (x86)\arcgis\desktop10.3\ArcToolbox\Toolboxes\Data Management Tools.tbx\CalculateField" Date="20161027" Time="231720">CalculateField "Damage_Sites_Raqqa_CDA UNOSAT FINAL" SensorID_3 35 VB #</Process><Process ToolSource="c:\program files (x86)\arcgis\desktop10.4\ArcToolbox\Toolboxes\Data Management Tools.tbx\CalculateField" Date="20161206" Time="223218">CalculateField Damage_Sites_Raqqa_CDA Neighborhood "Omari" VB #</Process><Process ToolSource="c:\program files (x86)\arcgis\desktop10.4\ArcToolbox\Toolboxes\Data Management Tools.tbx\CopyFeatures" Date="20161219" Time="173630">CopyFeatures out_lyr M:\SY_Syria\GeoData\UNOSAT\Data_to_Process\CE20130604SYR\Sebastian\fieldrename\CE20130604SYR_OFDAREACH.gdb\Damage_Analysis_UNOSAT\Damage_Sites_Raqqa_CDA_o # 0 0 0</Process><Process ToolSource="C:\Users\sricochi\OneDrive - UNITAR\scripts\Toolbox (2).tbx\fieldNameChange" Date="20161219" Time="173631">fieldNameChange M:\SY_Syria\GeoData\UNOSAT\Data_to_Process\CE20130604SYR\Sebastian\fieldrename\CE20130604SYR_OFDAREACH.gdb\Damage_Analysis_UNOSAT\Damage_Sites_Raqqa_CDA M:\SY_Syria\GeoData\UNOSAT\Data_to_Process\CE20130604SYR\Sebastian\fieldrename\CE20130604SYR_OFDAREACH.gdb\Damage_Analysis_UNOSAT\Damage_Sites_Raqqa_CDA_o</Process><Process ToolSource="c:\program files (x86)\arcgis\desktop10.4\ArcToolbox\Toolboxes\Conversion Tools.tbx\FeatureClassToFeatureClass" Date="20161219" Time="174400">FeatureClassToFeatureClass GPL0 M:\SY_Syria\GeoData\UNOSAT\Data_to_Process\CE20130604SYR\Sebastian\fieldrename Damage_Sites_Raqqa_CDA_o # "SiteID "SiteID" true true false 255 Text 0 0 ,First,#,M:\SY_Syria\GeoData\UNOSAT\Data_to_Process\CE20130604SYR\Sebastian\fieldrename\CE20130604SYR_OFDAREACH.gdb\Damage_Analysis_UNOSAT\Damage_Sites_Raqqa_CDA_o,SiteID,-1,-1;SensDt "SensorDate" true true false 8 Date 0 0 ,First,#,M:\SY_Syria\GeoData\UNOSAT\Data_to_Process\CE20130604SYR\Sebastian\fieldrename\CE20130604SYR_OFDAREACH.gdb\Damage_Analysis_UNOSAT\Damage_Sites_Raqqa_CDA_o,SensDt,-1,-1;SensorID "SensorID" true true false 255 Text 0 0 ,First,#,M:\SY_Syria\GeoData\UNOSAT\Data_to_Process\CE20130604SYR\Sebastian\fieldrename\CE20130604SYR_OFDAREACH.gdb\Damage_Analysis_UNOSAT\Damage_Sites_Raqqa_CDA_o,SensorID,-1,-1;ConfID "ConfID" true true false 255 Text 0 0 ,First,#,M:\SY_Syria\GeoData\UNOSAT\Data_to_Process\CE20130604SYR\Sebastian\fieldrename\CE20130604SYR_OFDAREACH.gdb\Damage_Analysis_UNOSAT\Damage_Sites_Raqqa_CDA_o,ConfID,-1,-1;DmgCls "DmgCls" true true false 255 Text 0 0 ,First,#,M:\SY_Syria\GeoData\UNOSAT\Data_to_Process\CE20130604SYR\Sebastian\fieldrename\CE20130604SYR_OFDAREACH.gdb\Damage_Analysis_UNOSAT\Damage_Sites_Raqqa_CDA_o,DmgCls,-1,-1;SensDt_2 "SensorDate_2" true true false 8 Date 0 0 ,First,#,M:\SY_Syria\GeoData\UNOSAT\Data_to_Process\CE20130604SYR\Sebastian\fieldrename\CE20130604SYR_OFDAREACH.gdb\Damage_Analysis_UNOSAT\Damage_Sites_Raqqa_CDA_o,SensDt_2,-1,-1;SensID_2 "SensID_2" true true false 255 Text 0 0 ,First,#,M:\SY_Syria\GeoData\UNOSAT\Data_to_Process\CE20130604SYR\Sebastian\fieldrename\CE20130604SYR_OFDAREACH.gdb\Damage_Analysis_UNOSAT\Damage_Sites_Raqqa_CDA_o,SensID_2,-1,-1;ConfID_2 "ConfID_2" true true false 255 Text 0 0 ,First,#,M:\SY_Syria\GeoData\UNOSAT\Data_to_Process\CE20130604SYR\Sebastian\fieldrename\CE20130604SYR_OFDAREACH.gdb\Damage_Analysis_UNOSAT\Damage_Sites_Raqqa_CDA_o,ConfID_2,-1,-1;DmgCls_2 "DmgCls_2" true true false 255 Text 0 0 ,First,#,M:\SY_Syria\GeoData\UNOSAT\Data_to_Process\CE20130604SYR\Sebastian\fieldrename\CE20130604SYR_OFDAREACH.gdb\Damage_Analysis_UNOSAT\Damage_Sites_Raqqa_CDA_o,DmgCls_2,-1,-1;DmgSts_2 "DmgSts_2" true true false 255 Text 0 0 ,First,#,M:\SY_Syria\GeoData\UNOSAT\Data_to_Process\CE20130604SYR\Sebastian\fieldrename\CE20130604SYR_OFDAREACH.gdb\Damage_Analysis_UNOSAT\Damage_Sites_Raqqa_CDA_o,DmgSts_2,-1,-1;SensDt_3 "SensorDate_3" true true false 8 Date 0 0 ,First,#,M:\SY_Syria\GeoData\UNOSAT\Data_to_Process\CE20130604SYR\Sebastian\fieldrename\CE20130604SYR_OFDAREACH.gdb\Damage_Analysis_UNOSAT\Damage_Sites_Raqqa_CDA_o,SensDt_3,-1,-1;SensID_3 "SensID_3" true true false 255 Text 0 0 ,First,#,M:\SY_Syria\GeoData\UNOSAT\Data_to_Process\CE20130604SYR\Sebastian\fieldrename\CE20130604SYR_OFDAREACH.gdb\Damage_Analysis_UNOSAT\Damage_Sites_Raqqa_CDA_o,SensID_3,-1,-1;ConfID_3 "ConfID_3" true true false 255 Text 0 0 ,First,#,M:\SY_Syria\GeoData\UNOSAT\Data_to_Process\CE20130604SYR\Sebastian\fieldrename\CE20130604SYR_OFDAREACH.gdb\Damage_Analysis_UNOSAT\Damage_Sites_Raqqa_CDA_o,ConfID_3,-1,-1;DmgCls_3 "DmgCls_3" true true false 255 Text 0 0 ,First,#,M:\SY_Syria\GeoData\UNOSAT\Data_to_Process\CE20130604SYR\Sebastian\fieldrename\CE20130604SYR_OFDAREACH.gdb\Damage_Analysis_UNOSAT\Damage_Sites_Raqqa_CDA_o,DmgCls_3,-1,-1;DmgSts_3 "DmgSts_3" true true false 255 Text 0 0 ,First,#,M:\SY_Syria\GeoData\UNOSAT\Data_to_Process\CE20130604SYR\Sebastian\fieldrename\CE20130604SYR_OFDAREACH.gdb\Damage_Analysis_UNOSAT\Damage_Sites_Raqqa_CDA_o,DmgSts_3,-1,-1;GrpDmgCls "GrpDmgCls" true true false 255 Text 0 0 ,First,#,M:\SY_Syria\GeoData\UNOSAT\Data_to_Process\CE20130604SYR\Sebastian\fieldrename\CE20130604SYR_OFDAREACH.gdb\Damage_Analysis_UNOSAT\Damage_Sites_Raqqa_CDA_o,GrpDmgCls,-1,-1;FldValid "FldValid" true true false 255 Text 0 0 ,First,#,M:\SY_Syria\GeoData\UNOSAT\Data_to_Process\CE20130604SYR\Sebastian\fieldrename\CE20130604SYR_OFDAREACH.gdb\Damage_Analysis_UNOSAT\Damage_Sites_Raqqa_CDA_o,FldValid,-1,-1;Notes "Notes" true true false 100 Text 0 0 ,First,#,M:\SY_Syria\GeoData\UNOSAT\Data_to_Process\CE20130604SYR\Sebastian\fieldrename\CE20130604SYR_OFDAREACH.gdb\Damage_Analysis_UNOSAT\Damage_Sites_Raqqa_CDA_o,Notes,-1,-1;StlmtNme "Settlement_Name" true true false 100 Text 0 0 ,First,#,M:\SY_Syria\GeoData\UNOSAT\Data_to_Process\CE20130604SYR\Sebastian\fieldrename\CE20130604SYR_OFDAREACH.gdb\Damage_Analysis_UNOSAT\Damage_Sites_Raqqa_CDA_o,StlmtNme,-1,-1;Neighbrhd "Neighborhood" true true false 50 Text 0 0 ,First,#,M:\SY_Syria\GeoData\UNOSAT\Data_to_Process\CE20130604SYR\Sebastian\fieldrename\CE20130604SYR_OFDAREACH.gdb\Damage_Analysis_UNOSAT\Damage_Sites_Raqqa_CDA_o,Neighbrhd,-1,-1;EventCode "EventCode" true true false 50 Text 0 0 ,First,#,M:\SY_Syria\GeoData\UNOSAT\Data_to_Process\CE20130604SYR\Sebastian\fieldrename\CE20130604SYR_OFDAREACH.gdb\Damage_Analysis_UNOSAT\Damage_Sites_Raqqa_CDA_o,EventCode,-1,-1" #</Process></lineage><itemProps><itemLocation><linkage Sync="TRUE">file://\\cerndata05\gis\SY_Syria\GeoData\UNOSAT\Data_to_Process\CE20130604SYR\Sebastian\fieldrename\Damage_Sites_Raqqa_CDA_o.shp</linkage><protocol Sync="TRUE">Local Area Network</protocol></itemLocation><itemName Sync="TRUE">Damage_Sites_Raqqa_CDA_o</itemName><imsContentType Sync="TRUE">002</imsContentType><itemSize Sync="TRUE">0.000</itemSize></itemProps><coordRef><type Sync="TRUE">Geographic</type><geogcsn Sync="TRUE">GCS_WGS_1984</geogcsn><csUnits Sync="TRUE">Angular Unit: Degree (0.017453)</csUnits><peXml Sync="TRUE">&lt;GeographicCoordinateSystem xsi:type='typens:GeographicCoordinateSystem' xmlns:xsi='http://www.w3.org/2001/XMLSchema-instance' xmlns:xs='http://www.w3.org/2001/XMLSchema' xmlns:typens='http://www.esri.com/schemas/ArcGIS/10.4'&gt;&lt;WKT&gt;GEOGCS[&amp;quot;GCS_WGS_1984&amp;quot;,DATUM[&amp;quot;D_WGS_1984&amp;quot;,SPHEROID[&amp;quot;WGS_1984&amp;quot;,6378137.0,298.257223563]],PRIMEM[&amp;quot;Greenwich&amp;quot;,0.0],UNIT[&amp;quot;Degree&amp;quot;,0.0174532925199433],AUTHORITY[&amp;quot;EPSG&amp;quot;,4326]],VERTCS[&amp;quot;EGM96_Geoid&amp;quot;,VDATUM[&amp;quot;EGM96_Geoid&amp;quot;],PARAMETER[&amp;quot;Vertical_Shift&amp;quot;,0.0],PARAMETER[&amp;quot;Direction&amp;quot;,1.0],UNIT[&amp;quot;Meter&amp;quot;,1.0],AUTHORITY[&amp;quot;EPSG&amp;quot;,5773]]&lt;/WKT&gt;&lt;XOrigin&gt;-400&lt;/XOrigin&gt;&lt;YOrigin&gt;-400&lt;/YOrigin&gt;&lt;XYScale&gt;11258999068426.238&lt;/XYScale&gt;&lt;ZOrigin&gt;-100000&lt;/ZOrigin&gt;&lt;ZScale&gt;10000&lt;/ZScale&gt;&lt;MOrigin&gt;-100000&lt;/MOrigin&gt;&lt;MScale&gt;10000&lt;/MScale&gt;&lt;XYTolerance&gt;8.983152841195215e-009&lt;/XYTolerance&gt;&lt;ZTolerance&gt;0.001&lt;/ZTolerance&gt;&lt;MTolerance&gt;0.001&lt;/MTolerance&gt;&lt;HighPrecision&gt;true&lt;/HighPrecision&gt;&lt;LeftLongitude&gt;-180&lt;/LeftLongitude&gt;&lt;WKID&gt;4326&lt;/WKID&gt;&lt;LatestWKID&gt;4326&lt;/LatestWKID&gt;&lt;VCSWKID&gt;5773&lt;/VCSWKID&gt;&lt;LatestVCSWKID&gt;5773&lt;/LatestVCSWKID&gt;&lt;/GeographicCoordinateSystem&gt;</peXml></coordRef></DataProperties><SyncDate>20161219</SyncDate><SyncTime>17435900</SyncTime><ModDate>20161219</ModDate><ModTime>17435900</ModTime></Esri><dataIdInfo><envirDesc Sync="TRUE"> Version 6.2 (Build 9200) ; Esri ArcGIS 10.4.1.5686</envirDesc><dataLang><languageCode value="eng" Sync="TRUE"></languageCode><countryCode value="USA" Sync="TRUE"></countryCode></dataLang><idCitation><resTitle Sync="TRUE">Damage_Sites_Raqqa_CDA_o</resTitle><presForm><PresFormCd value="005" Sync="TRUE"></PresFormCd></presForm></idCitation><spatRpType><SpatRepTypCd value="001" Sync="TRUE"></SpatRepTypCd></spatRpType></dataIdInfo><mdLang><languageCode value="eng" Sync="TRUE"></languageCode><countryCode value="USA" Sync="TRUE"></countryCode></mdLang><distInfo><distFormat><formatName Sync="TRUE">Shapefile</formatName></distFormat><distTranOps><transSize Sync="TRUE">0.000</transSize></distTranOps></distInfo><mdHrLv><ScopeCd value="005" Sync="TRUE"></ScopeCd></mdHrLv><mdHrLvName Sync="TRUE">dataset</mdHrLvName><refSysInfo><RefSystem><refSysID><identCode code="4326" Sync="TRUE"></identCode><idCodeSpace Sync="TRUE">EPSG</idCodeSpace><idVersion Sync="TRUE">6.14(3.0.1)</idVersion></refSysID></RefSystem></refSysInfo><spatRepInfo><VectSpatRep><geometObjs Name="Damage_Sites_Raqqa_CDA_o"><geoObjTyp><GeoObjTypCd value="004" Sync="TRUE"></GeoObjTypCd></geoObjTyp><geoObjCnt Sync="TRUE">0</geoObjCnt></geometObjs><topLvl><TopoLevCd value="001" Sync="TRUE"></TopoLevCd></topLvl></VectSpatRep></spatRepInfo><spdoinfo><ptvctinf><esriterm Name="Damage_Sites_Raqqa_CDA_o"><efeatyp Sync="TRUE">Simple</efeatyp><efeageom code="1" Sync="TRUE"></efeageom><esritopo Sync="TRUE">FALSE</esritopo><efeacnt Sync="TRUE">0</efeacnt><spindex Sync="TRUE">FALSE</spindex><linrefer Sync="TRUE">FALSE</linrefer></esriterm></ptvctinf></spdoinfo><eainfo><detailed Name="Damage_Sites_Raqqa_CDA_o"><enttyp><enttypl Sync="TRUE">Damage_Sites_Raqqa_CDA_o</enttypl><enttypt Sync="TRUE">Feature Class</enttypt><enttypc Sync="TRUE">0</enttypc></enttyp><attr><attrlabl Sync="TRUE">FID</attrlabl><attalias Sync="TRUE">FID</attalias><attrtype Sync="TRUE">OID</attrtype><attwidth Sync="TRUE">4</attwidth><atprecis Sync="TRUE">0</atprecis><attscale Sync="TRUE">0</attscale><attrdef Sync="TRUE">Internal feature number.</attrdef><attrdefs Sync="TRUE">Esri</attrdefs><attrdomv><udom Sync="TRUE">Sequential unique whole numbers that are automatically generated.</udom></attrdomv></attr><attr><attrlabl Sync="TRUE">Shape</attrlabl><attalias Sync="TRUE">Shape</attalias><attrtype Sync="TRUE">Geometry</attrtype><attwidth Sync="TRUE">0</attwidth><atprecis Sync="TRUE">0</atprecis><attscale Sync="TRUE">0</attscale><attrdef Sync="TRUE">Feature geometry.</attrdef><attrdefs Sync="TRUE">Esri</attrdefs><attrdomv><udom Sync="TRUE">Coordinates defining the features.</udom></attrdomv></attr><attr><attrlabl Sync="TRUE">SiteID</attrlabl><attalias Sync="TRUE">SiteID</attalias><attrtype Sync="TRUE">String</attrtype><attwidth Sync="TRUE">254</attwidth><atprecis Sync="TRUE">0</atprecis><attscale Sync="TRUE">0</attscale></attr><attr><attrlabl Sync="TRUE">SensDt</attrlabl><attalias Sync="TRUE">SensDt</attalias><attrtype Sync="TRUE">Date</attrtype><attwidth Sync="TRUE">8</attwidth><atprecis Sync="TRUE">0</atprecis><attscale Sync="TRUE">0</attscale></attr><attr><attrlabl Sync="TRUE">SensorID</attrlabl><attalias Sync="TRUE">SensorID</attalias><attrtype Sync="TRUE">String</attrtype><attwidth Sync="TRUE">254</attwidth><atprecis Sync="TRUE">0</atprecis><attscale Sync="TRUE">0</attscale></attr><attr><attrlabl Sync="TRUE">ConfID</attrlabl><attalias Sync="TRUE">ConfID</attalias><attrtype Sync="TRUE">String</attrtype><attwidth Sync="TRUE">254</attwidth><atprecis Sync="TRUE">0</atprecis><attscale Sync="TRUE">0</attscale></attr><attr><attrlabl Sync="TRUE">DmgCls</attrlabl><attalias Sync="TRUE">DmgCls</attalias><attrtype Sync="TRUE">String</attrtype><attwidth Sync="TRUE">254</attwidth><atprecis Sync="TRUE">0</atprecis><attscale Sync="TRUE">0</attscale></attr><attr><attrlabl Sync="TRUE">SensDt_2</attrlabl><attalias Sync="TRUE">SensDt_2</attalias><attrtype Sync="TRUE">Date</attrtype><attwidth Sync="TRUE">8</attwidth><atprecis Sync="TRUE">0</atprecis><attscale Sync="TRUE">0</attscale></attr><attr><attrlabl Sync="TRUE">SensID_2</attrlabl><attalias Sync="TRUE">SensID_2</attalias><attrtype Sync="TRUE">String</attrtype><attwidth Sync="TRUE">254</attwidth><atprecis Sync="TRUE">0</atprecis><attscale Sync="TRUE">0</attscale></attr><attr><attrlabl Sync="TRUE">ConfID_2</attrlabl><attalias Sync="TRUE">ConfID_2</attalias><attrtype Sync="TRUE">String</attrtype><attwidth Sync="TRUE">254</attwidth><atprecis Sync="TRUE">0</atprecis><attscale Sync="TRUE">0</attscale></attr><attr><attrlabl Sync="TRUE">DmgCls_2</attrlabl><attalias Sync="TRUE">DmgCls_2</attalias><attrtype Sync="TRUE">String</attrtype><attwidth Sync="TRUE">254</attwidth><atprecis Sync="TRUE">0</atprecis><attscale Sync="TRUE">0</attscale></attr><attr><attrlabl Sync="TRUE">DmgSts_2</attrlabl><attalias Sync="TRUE">DmgSts_2</attalias><attrtype Sync="TRUE">String</attrtype><attwidth Sync="TRUE">254</attwidth><atprecis Sync="TRUE">0</atprecis><attscale Sync="TRUE">0</attscale></attr><attr><attrlabl Sync="TRUE">SensDt_3</attrlabl><attalias Sync="TRUE">SensDt_3</attalias><attrtype Sync="TRUE">Date</attrtype><attwidth Sync="TRUE">8</attwidth><atprecis Sync="TRUE">0</atprecis><attscale Sync="TRUE">0</attscale></attr><attr><attrlabl Sync="TRUE">SensID_3</attrlabl><attalias Sync="TRUE">SensID_3</attalias><attrtype Sync="TRUE">String</attrtype><attwidth Sync="TRUE">254</attwidth><atprecis Sync="TRUE">0</atprecis><attscale Sync="TRUE">0</attscale></attr><attr><attrlabl Sync="TRUE">ConfID_3</attrlabl><attalias Sync="TRUE">ConfID_3</attalias><attrtype Sync="TRUE">String</attrtype><attwidth Sync="TRUE">254</attwidth><atprecis Sync="TRUE">0</atprecis><attscale Sync="TRUE">0</attscale></attr><attr><attrlabl Sync="TRUE">DmgCls_3</attrlabl><attalias Sync="TRUE">DmgCls_3</attalias><attrtype Sync="TRUE">String</attrtype><attwidth Sync="TRUE">254</attwidth><atprecis Sync="TRUE">0</atprecis><attscale Sync="TRUE">0</attscale></attr><attr><attrlabl Sync="TRUE">DmgSts_3</attrlabl><attalias Sync="TRUE">DmgSts_3</attalias><attrtype Sync="TRUE">String</attrtype><attwidth Sync="TRUE">254</attwidth><atprecis Sync="TRUE">0</atprecis><attscale Sync="TRUE">0</attscale></attr><attr><attrlabl Sync="TRUE">GrpDmgCls</attrlabl><attalias Sync="TRUE">GrpDmgCls</attalias><attrtype Sync="TRUE">String</attrtype><attwidth Sync="TRUE">254</attwidth><atprecis Sync="TRUE">0</atprecis><attscale Sync="TRUE">0</attscale></attr><attr><attrlabl Sync="TRUE">FldValid</attrlabl><attalias Sync="TRUE">FldValid</attalias><attrtype Sync="TRUE">String</attrtype><attwidth Sync="TRUE">254</attwidth><atprecis Sync="TRUE">0</atprecis><attscale Sync="TRUE">0</attscale></attr><attr><attrlabl Sync="TRUE">Notes</attrlabl><attalias Sync="TRUE">Notes</attalias><attrtype Sync="TRUE">String</attrtype><attwidth Sync="TRUE">100</attwidth><atprecis Sync="TRUE">0</atprecis><attscale Sync="TRUE">0</attscale></attr><attr><attrlabl Sync="TRUE">StlmtNme</attrlabl><attalias Sync="TRUE">StlmtNme</attalias><attrtype Sync="TRUE">String</attrtype><attwidth Sync="TRUE">100</attwidth><atprecis Sync="TRUE">0</atprecis><attscale Sync="TRUE">0</attscale></attr><attr><attrlabl Sync="TRUE">Neighbrhd</attrlabl><attalias Sync="TRUE">Neighbrhd</attalias><attrtype Sync="TRUE">String</attrtype><attwidth Sync="TRUE">50</attwidth><atprecis Sync="TRUE">0</atprecis><attscale Sync="TRUE">0</attscale></attr><attr><attrlabl Sync="TRUE">EventCode</attrlabl><attalias Sync="TRUE">EventCode</attalias><attrtype Sync="TRUE">String</attrtype><attwidth Sync="TRUE">50</attwidth><atprecis Sync="TRUE">0</atprecis><attscale Sync="TRUE">0</attscale></attr></detailed></eainfo><mdDateSt Sync="TRUE">20161219</mdDateSt></metadata>
