<metadata xml:lang="en"><Esri><CreaDate>20140715</CreaDate><CreaTime>13383700</CreaTime><ArcGISFormat>1.0</ArcGISFormat><SyncOnce>FALSE</SyncOnce><DataProperties><lineage><Process ToolSource="c:\program files (x86)\arcgis\desktop10.1\ArcToolbox\Toolboxes\Data Management Tools.tbx\CalculateField" Date="20140422" Time="114024">CalculateField Hama_1 Settlement_Name "Daraa" VB #</Process><Process ToolSource="c:\program files (x86)\arcgis\desktop10.1\ArcToolbox\Toolboxes\Data Management Tools.tbx\CalculateField" Date="20140422" Time="114127">CalculateField Hama_1 Neighborhood "" VB #</Process><Process ToolSource="c:\program files (x86)\arcgis\desktop10.1\ArcToolbox\Toolboxes\Data Management Tools.tbx\CalculateField" Date="20140424" Time="121445">CalculateField Damage_sites_Homs Neighborhood "Unknown" VB #</Process><Process ToolSource="c:\program files (x86)\arcgis\desktop10.1\ArcToolbox\Toolboxes\Data Management Tools.tbx\CalculateField" Date="20140507" Time="141335">CalculateField Damage_sites_Homs_Update_Filled Main_Damage_Site_Class_2 "[Main_Damage_Site_Class] = [Main_Damage_Site_Class_2]" VB #</Process><Process ToolSource="c:\program files (x86)\arcgis\desktop10.1\ArcToolbox\Toolboxes\Data Management Tools.tbx\CalculateField" Date="20140507" Time="141411">CalculateField Damage_sites_Homs_Update_Filled Main_Damage_Site_Class_2 [Main_Damage_Site_Class] VB #</Process><Process ToolSource="c:\program files (x86)\arcgis\desktop10.1\ArcToolbox\Toolboxes\Data Management Tools.tbx\CalculateField" Date="20140507" Time="141427">CalculateField Damage_sites_Homs_Update_Filled ConfidenceID_2 [ConfidenceID] VB #</Process><Process ToolSource="c:\program files (x86)\arcgis\desktop10.1\ArcToolbox\Toolboxes\Data Management Tools.tbx\CalculateField" Date="20140507" Time="172558">CalculateField Damage_sites_Homs_Update_Pilot Settlement_Name Homs VB #</Process><Process ToolSource="c:\program files (x86)\arcgis\desktop10.1\ArcToolbox\Toolboxes\Data Management Tools.tbx\CalculateField" Date="20140507" Time="172610">CalculateField Damage_sites_Homs_Update_Pilot Settlement_Name "Homs" VB #</Process><Process ToolSource="c:\program files (x86)\arcgis\desktop10.1\ArcToolbox\Toolboxes\Data Management Tools.tbx\CalculateField" Date="20140507" Time="172915">CalculateField Damage_sites_Homs_Update_Pilot Neighborhood "Al Qarabis" VB #</Process><Process ToolSource="c:\program files (x86)\arcgis\desktop10.1\ArcToolbox\Toolboxes\Data Management Tools.tbx\CalculateField" Date="20140507" Time="172938">CalculateField Damage_sites_Homs_Update_Pilot Neighborhood "Unknown" VB #</Process><Process ToolSource="c:\program files (x86)\arcgis\desktop10.1\ArcToolbox\Toolboxes\Data Management Tools.tbx\CalculateField" Date="20140507" Time="173035">CalculateField Damage_sites_Homs_Update_Pilot Neighborhood "Al Qassor" VB #</Process><Process ToolSource="c:\program files (x86)\arcgis\desktop10.1\ArcToolbox\Toolboxes\Data Management Tools.tbx\CalculateField" Date="20140508" Time="101138">CalculateField Damage_sites_Homs_Update_Pilot_A Damage_Status 0
 VB #</Process><Process ToolSource="c:\program files (x86)\arcgis\desktop10.1\ArcToolbox\Toolboxes\Data Management Tools.tbx\CalculateField" Date="20140508" Time="101311">CalculateField Damage_sites_Homs_Update_Pilot_A Damage_Status 3 VB #</Process><Process ToolSource="c:\program files (x86)\arcgis\desktop10.1\ArcToolbox\Toolboxes\Data Management Tools.tbx\CalculateField" Date="20140508" Time="101551">CalculateField Damage_sites_Homs_Update_Pilot_A Damage_Status 1 VB #</Process><Process ToolSource="c:\program files (x86)\arcgis\desktop10.1\ArcToolbox\Toolboxes\Data Management Tools.tbx\CalculateField" Date="20140508" Time="101620">CalculateField Damage_sites_Homs_Update_Pilot_A Damage_Status 2 VB #</Process><Process ToolSource="c:\program files (x86)\arcgis\desktop10.1\ArcToolbox\Toolboxes\Data Management Tools.tbx\CalculateField" Date="20140508" Time="101745">CalculateField Damage_sites_Homs_Update_Pilot_A SensorDate_2 "26 September 2013" VB #</Process><Process ToolSource="c:\program files (x86)\arcgis\desktop10.1\ArcToolbox\Toolboxes\Data Management Tools.tbx\CalculateField" Date="20140508" Time="101757">CalculateField Damage_sites_Homs_Update_Pilot_A SensorID_2 2 VB #</Process><Process ToolSource="c:\program files (x86)\arcgis\desktop10.1\ArcToolbox\Toolboxes\Data Management Tools.tbx\CalculateField" Date="20140508" Time="101858">CalculateField Damage_sites_Homs_Update_Pilot_A SensorDate_2 "21 April 2014" VB #</Process><Process ToolSource="c:\program files (x86)\arcgis\desktop10.1\ArcToolbox\Toolboxes\Data Management Tools.tbx\CalculateField" Date="20140508" Time="102020">CalculateField Damage_sites_Homs_Update_Pilot_A SensorID_2 35 VB #</Process><Process ToolSource="c:\program files (x86)\arcgis\desktop10.1\ArcToolbox\Toolboxes\Data Management Tools.tbx\CalculateField" Date="20140508" Time="102659">CalculateField Damage_sites_Homs_Update_Pilot_A ConfidenceID 2 VB #</Process><Process ToolSource="c:\program files (x86)\arcgis\desktop10.1\ArcToolbox\Toolboxes\Data Management Tools.tbx\CalculateField" Date="20140508" Time="103012">CalculateField Damage_sites_Homs_Update_Pilot_A SensorDate_2 "21 April 2014" VB #</Process><Process ToolSource="c:\program files (x86)\arcgis\desktop10.1\ArcToolbox\Toolboxes\Data Management Tools.tbx\CalculateField" Date="20140508" Time="103021">CalculateField Damage_sites_Homs_Update_Pilot_A SensorID_2 35 VB #</Process><Process ToolSource="c:\program files (x86)\arcgis\desktop10.1\ArcToolbox\Toolboxes\Data Management Tools.tbx\CalculateField" Date="20140508" Time="103139">CalculateField Damage_sites_Homs_Update_Pilot_A SiteID 36 VB #</Process><Process ToolSource="c:\program files (x86)\arcgis\desktop10.1\ArcToolbox\Toolboxes\Data Management Tools.tbx\CalculateField" Date="20140508" Time="103151">CalculateField Damage_sites_Homs_Update_Pilot_A SiteID 26 VB #</Process><Process ToolSource="c:\program files (x86)\arcgis\desktop10.1\ArcToolbox\Toolboxes\Data Management Tools.tbx\CalculateField" Date="20140514" Time="104944">CalculateField Damage_sites_Update_Homs ConfidenceID_2 [ConfidenceID] VB #</Process><Process ToolSource="c:\program files (x86)\arcgis\desktop10.1\ArcToolbox\Toolboxes\Data Management Tools.tbx\CalculateField" Date="20140514" Time="105006">CalculateField Damage_sites_Update_Homs ConfidenceID_2 [ConfidenceID] VB #</Process><Process ToolSource="c:\program files (x86)\arcgis\desktop10.1\ArcToolbox\Toolboxes\Data Management Tools.tbx\CalculateField" Date="20140514" Time="105025">CalculateField Damage_sites_Update_Homs Main_Damage_Site_Class_2 [Main_Damage_Site_Class] VB #</Process><Process ToolSource="c:\program files (x86)\arcgis\desktop10.1\ArcToolbox\Toolboxes\Data Management Tools.tbx\CalculateField" Date="20140514" Time="105054">CalculateField Damage_sites_Update_Homs ConfidenceID_2 [ConfidenceID] VB #</Process><Process ToolSource="c:\program files (x86)\arcgis\desktop10.1\ArcToolbox\Toolboxes\Data Management Tools.tbx\CalculateField" Date="20140514" Time="105122">CalculateField Damage_sites_Update_Homs Main_Damage_Site_Class_2 [Main_Damage_Site_Class] VB #</Process><Process ToolSource="c:\program files (x86)\arcgis\desktop10.1\ArcToolbox\Toolboxes\Data Management Tools.tbx\CalculateField" Date="20140528" Time="160319">CalculateField Damage_sites_Update_Homs ConfidenceID_2 2 VB #</Process><Process ToolSource="c:\program files (x86)\arcgis\desktop10.1\ArcToolbox\Toolboxes\Data Management Tools.tbx\CalculateField" Date="20140528" Time="160441">CalculateField Damage_sites_Update_Homs SensorDate_2 "21 April 2014" VB #</Process><Process ToolSource="c:\program files (x86)\arcgis\desktop10.1\ArcToolbox\Toolboxes\Data Management Tools.tbx\CalculateField" Date="20140528" Time="160505">CalculateField Damage_sites_Update_Homs SensorID_2 36 VB #</Process><Process ToolSource="c:\program files (x86)\arcgis\desktop10.1\ArcToolbox\Toolboxes\Data Management Tools.tbx\CalculateField" Date="20140528" Time="160711">CalculateField Damage_sites_Update_Homs SensorID_2 35 VB #</Process><Process ToolSource="c:\program files (x86)\arcgis\desktop10.1\ArcToolbox\Toolboxes\Data Management Tools.tbx\CalculateField" Date="20140528" Time="160817">CalculateField Damage_sites_Update_Homs ConfidenceID_2 2 VB #</Process><Process ToolSource="c:\program files (x86)\arcgis\desktop10.1\ArcToolbox\Toolboxes\Data Management Tools.tbx\CalculateField" Date="20140528" Time="160924">CalculateField Damage_sites_Update_Homs ConfidenceID_2 2 VB #</Process><Process ToolSource="c:\program files (x86)\arcgis\desktop10.1\ArcToolbox\Toolboxes\Data Management Tools.tbx\CalculateField" Date="20140528" Time="161216">CalculateField Damage_sites_Update_Homs Notes "Temporary structure" VB #</Process><Process ToolSource="c:\program files (x86)\arcgis\desktop10.1\ArcToolbox\Toolboxes\Data Management Tools.tbx\CalculateField" Date="20140528" Time="161338">CalculateField Damage_sites_Update_Homs Grouped_Damage_Classes 2 VB #</Process><Process ToolSource="c:\program files (x86)\arcgis\desktop10.1\ArcToolbox\Toolboxes\Data Management Tools.tbx\CalculateField" Date="20140528" Time="161748">CalculateField Damage_sites_Update_Homs Neighborhood "Al Waer" VB #</Process><Process ToolSource="c:\program files (x86)\arcgis\desktop10.1\ArcToolbox\Toolboxes\Data Management Tools.tbx\CalculateField" Date="20140528" Time="161820">CalculateField Damage_sites_Update_Homs Neighborhood "Groves" VB #</Process><Process ToolSource="c:\program files (x86)\arcgis\desktop10.1\ArcToolbox\Toolboxes\Data Management Tools.tbx\CalculateField" Date="20140528" Time="161844">CalculateField Damage_sites_Update_Homs Neighborhood "Groves 1" VB #</Process><Process ToolSource="c:\program files (x86)\arcgis\desktop10.1\ArcToolbox\Toolboxes\Data Management Tools.tbx\CalculateField" Date="20140528" Time="161908">CalculateField Damage_sites_Update_Homs Neighborhood "Groves 2" VB #</Process><Process ToolSource="c:\program files (x86)\arcgis\desktop10.1\ArcToolbox\Toolboxes\Data Management Tools.tbx\CalculateField" Date="20140528" Time="161930">CalculateField Damage_sites_Update_Homs Neighborhood "Groves 3" VB #</Process><Process ToolSource="c:\program files (x86)\arcgis\desktop10.1\ArcToolbox\Toolboxes\Data Management Tools.tbx\CalculateField" Date="20140528" Time="162007">CalculateField Damage_sites_Update_Homs Neighborhood "Haswiyeh" VB #</Process><Process ToolSource="c:\program files (x86)\arcgis\desktop10.1\ArcToolbox\Toolboxes\Data Management Tools.tbx\CalculateField" Date="20140528" Time="162111">CalculateField Damage_sites_Update_Homs Neighborhood "Al Duwayr" VB #</Process><Process ToolSource="c:\program files (x86)\arcgis\desktop10.1\ArcToolbox\Toolboxes\Data Management Tools.tbx\CalculateField" Date="20140528" Time="162139">CalculateField Damage_sites_Update_Homs Neighborhood "Aldwair" VB #</Process><Process ToolSource="c:\program files (x86)\arcgis\desktop10.1\ArcToolbox\Toolboxes\Data Management Tools.tbx\CalculateField" Date="20140528" Time="162208">CalculateField Damage_sites_Update_Homs Neighborhood "Aldwair" VB #</Process><Process ToolSource="c:\program files (x86)\arcgis\desktop10.1\ArcToolbox\Toolboxes\Data Management Tools.tbx\CalculateField" Date="20140528" Time="162232">CalculateField Damage_sites_Update_Homs Neighborhood "Aldwair" VB #</Process><Process ToolSource="c:\program files (x86)\arcgis\desktop10.1\ArcToolbox\Toolboxes\Data Management Tools.tbx\CalculateField" Date="20140528" Time="162258">CalculateField Damage_sites_Update_Homs Neighborhood "Al Sinaa" VB #</Process><Process ToolSource="c:\program files (x86)\arcgis\desktop10.1\ArcToolbox\Toolboxes\Data Management Tools.tbx\CalculateField" Date="20140528" Time="162342">CalculateField Damage_sites_Update_Homs Neighborhood "Masaken Al Malamayn" VB #</Process><Process ToolSource="c:\program files (x86)\arcgis\desktop10.1\ArcToolbox\Toolboxes\Data Management Tools.tbx\CalculateField" Date="20140528" Time="162433">CalculateField Damage_sites_Update_Homs Neighborhood "Al Bayadah" VB #</Process><Process ToolSource="c:\program files (x86)\arcgis\desktop10.1\ArcToolbox\Toolboxes\Data Management Tools.tbx\CalculateField" Date="20140528" Time="162519">CalculateField Damage_sites_Update_Homs Neighborhood "Deir Ba Alba" VB #</Process><Process ToolSource="c:\program files (x86)\arcgis\desktop10.1\ArcToolbox\Toolboxes\Data Management Tools.tbx\CalculateField" Date="20140528" Time="162550">CalculateField Damage_sites_Update_Homs Neighborhood "Tall Moramad" VB #</Process><Process ToolSource="c:\program files (x86)\arcgis\desktop10.1\ArcToolbox\Toolboxes\Data Management Tools.tbx\CalculateField" Date="20140528" Time="162621">CalculateField Damage_sites_Update_Homs Neighborhood "Al Naim" VB #</Process><Process ToolSource="c:\program files (x86)\arcgis\desktop10.1\ArcToolbox\Toolboxes\Data Management Tools.tbx\CalculateField" Date="20140528" Time="162706">CalculateField Damage_sites_Update_Homs Neighborhood "Abbasiya" VB #</Process><Process ToolSource="c:\program files (x86)\arcgis\desktop10.1\ArcToolbox\Toolboxes\Data Management Tools.tbx\CalculateField" Date="20140528" Time="162746">CalculateField Damage_sites_Update_Homs Neighborhood "Al Mouhajereen" VB #</Process><Process ToolSource="c:\program files (x86)\arcgis\desktop10.1\ArcToolbox\Toolboxes\Data Management Tools.tbx\CalculateField" Date="20140528" Time="162820">CalculateField Damage_sites_Update_Homs Neighborhood "Armenian District" VB #</Process><Process ToolSource="c:\program files (x86)\arcgis\desktop10.1\ArcToolbox\Toolboxes\Data Management Tools.tbx\CalculateField" Date="20140528" Time="162845">CalculateField Damage_sites_Update_Homs Neighborhood "Armenian District" VB #</Process><Process ToolSource="c:\program files (x86)\arcgis\desktop10.1\ArcToolbox\Toolboxes\Data Management Tools.tbx\CalculateField" Date="20140528" Time="162913">CalculateField Damage_sites_Update_Homs Neighborhood "Unkown" VB #</Process><Process ToolSource="c:\program files (x86)\arcgis\desktop10.1\ArcToolbox\Toolboxes\Data Management Tools.tbx\CalculateField" Date="20140528" Time="163006">CalculateField Damage_sites_Update_Homs Neighborhood "Harate Al Madhabie" VB #</Process><Process ToolSource="c:\program files (x86)\arcgis\desktop10.1\ArcToolbox\Toolboxes\Data Management Tools.tbx\CalculateField" Date="20140528" Time="163044">CalculateField Damage_sites_Update_Homs Neighborhood "Harate Karzounah" VB #</Process><Process ToolSource="c:\program files (x86)\arcgis\desktop10.1\ArcToolbox\Toolboxes\Data Management Tools.tbx\CalculateField" Date="20140528" Time="163112">CalculateField Damage_sites_Update_Homs Neighborhood "Farming neighbourhood" VB #</Process><Process ToolSource="c:\program files (x86)\arcgis\desktop10.1\ArcToolbox\Toolboxes\Data Management Tools.tbx\CalculateField" Date="20140528" Time="163148">CalculateField Damage_sites_Update_Homs Neighborhood "Ashera" VB #</Process><Process ToolSource="c:\program files (x86)\arcgis\desktop10.1\ArcToolbox\Toolboxes\Data Management Tools.tbx\CalculateField" Date="20140528" Time="163221">CalculateField Damage_sites_Update_Homs Neighborhood "Hay Ashera" VB #</Process><Process ToolSource="c:\program files (x86)\arcgis\desktop10.1\ArcToolbox\Toolboxes\Data Management Tools.tbx\CalculateField" Date="20140528" Time="163251">CalculateField Damage_sites_Update_Homs Neighborhood "Homs" VB #</Process><Process ToolSource="c:\program files (x86)\arcgis\desktop10.1\ArcToolbox\Toolboxes\Data Management Tools.tbx\CalculateField" Date="20140528" Time="163314">CalculateField Damage_sites_Update_Homs Neighborhood "Wadi Al Dahb" VB #</Process><Process ToolSource="c:\program files (x86)\arcgis\desktop10.1\ArcToolbox\Toolboxes\Data Management Tools.tbx\CalculateField" Date="20140528" Time="163343">CalculateField Damage_sites_Update_Homs Neighborhood "Hay Karam Al Zeitun" VB #</Process><Process ToolSource="c:\program files (x86)\arcgis\desktop10.1\ArcToolbox\Toolboxes\Data Management Tools.tbx\CalculateField" Date="20140528" Time="163402">CalculateField Damage_sites_Update_Homs Neighborhood "Hay Karam Al Zeitun" VB #</Process><Process ToolSource="c:\program files (x86)\arcgis\desktop10.1\ArcToolbox\Toolboxes\Data Management Tools.tbx\CalculateField" Date="20140528" Time="163422">CalculateField Damage_sites_Update_Homs Neighborhood "Karm Al Zeitun" VB #</Process><Process ToolSource="c:\program files (x86)\arcgis\desktop10.1\ArcToolbox\Toolboxes\Data Management Tools.tbx\CalculateField" Date="20140528" Time="163454">CalculateField Damage_sites_Update_Homs Neighborhood "Alooyat" VB #</Process><Process ToolSource="c:\program files (x86)\arcgis\desktop10.1\ArcToolbox\Toolboxes\Data Management Tools.tbx\CalculateField" Date="20140528" Time="163520">CalculateField Damage_sites_Update_Homs Neighborhood "Jub Al Jandali" VB #</Process><Process ToolSource="c:\program files (x86)\arcgis\desktop10.1\ArcToolbox\Toolboxes\Data Management Tools.tbx\CalculateField" Date="20140528" Time="163546">CalculateField Damage_sites_Update_Homs Neighborhood "Al Zahraa" VB #</Process><Process ToolSource="c:\program files (x86)\arcgis\desktop10.1\ArcToolbox\Toolboxes\Data Management Tools.tbx\CalculateField" Date="20140528" Time="163611">CalculateField Damage_sites_Update_Homs Neighborhood "Bab Tadmor" VB #</Process><Process ToolSource="c:\program files (x86)\arcgis\desktop10.1\ArcToolbox\Toolboxes\Data Management Tools.tbx\CalculateField" Date="20140528" Time="163643">CalculateField Damage_sites_Update_Homs Neighborhood "Al Sabeel" VB #</Process><Process ToolSource="c:\program files (x86)\arcgis\desktop10.1\ArcToolbox\Toolboxes\Data Management Tools.tbx\CalculateField" Date="20140528" Time="163717">CalculateField Damage_sites_Update_Homs Neighborhood "Wadi Al Arab" VB #</Process><Process ToolSource="c:\program files (x86)\arcgis\desktop10.1\ArcToolbox\Toolboxes\Data Management Tools.tbx\CalculateField" Date="20140528" Time="163801">CalculateField Damage_sites_Update_Homs Neighborhood "Al Khaldiyah" VB #</Process><Process ToolSource="c:\program files (x86)\arcgis\desktop10.1\ArcToolbox\Toolboxes\Data Management Tools.tbx\CalculateField" Date="20140528" Time="163829">CalculateField Damage_sites_Update_Homs Neighborhood "Karm Shamsham" VB #</Process><Process ToolSource="c:\program files (x86)\arcgis\desktop10.1\ArcToolbox\Toolboxes\Data Management Tools.tbx\CalculateField" Date="20140528" Time="163858">CalculateField Damage_sites_Update_Homs Neighborhood "Al Hamidiyah" VB #</Process><Process ToolSource="c:\program files (x86)\arcgis\desktop10.1\ArcToolbox\Toolboxes\Data Management Tools.tbx\CalculateField" Date="20140528" Time="163926">CalculateField Damage_sites_Update_Homs Neighborhood "Bab Al Dreib" VB #</Process><Process ToolSource="c:\program files (x86)\arcgis\desktop10.1\ArcToolbox\Toolboxes\Data Management Tools.tbx\CalculateField" Date="20140528" Time="164001">CalculateField Damage_sites_Update_Homs Neighborhood "City Center" VB #</Process><Process ToolSource="c:\program files (x86)\arcgis\desktop10.1\ArcToolbox\Toolboxes\Data Management Tools.tbx\CalculateField" Date="20140528" Time="164028">CalculateField Damage_sites_Update_Homs Neighborhood "Old Cityr" VB #</Process><Process ToolSource="c:\program files (x86)\arcgis\desktop10.1\ArcToolbox\Toolboxes\Data Management Tools.tbx\CalculateField" Date="20140528" Time="164046">CalculateField Damage_sites_Update_Homs Neighborhood "Old City" VB #</Process><Process ToolSource="c:\program files (x86)\arcgis\desktop10.1\ArcToolbox\Toolboxes\Data Management Tools.tbx\CalculateField" Date="20140528" Time="164115">CalculateField Damage_sites_Update_Homs Neighborhood "Bab Houd" VB #</Process><Process ToolSource="c:\program files (x86)\arcgis\desktop10.1\ArcToolbox\Toolboxes\Data Management Tools.tbx\CalculateField" Date="20140528" Time="164142">CalculateField Damage_sites_Update_Homs Neighborhood "The Citadel of Homs" VB #</Process><Process ToolSource="c:\program files (x86)\arcgis\desktop10.1\ArcToolbox\Toolboxes\Data Management Tools.tbx\CalculateField" Date="20140528" Time="164211">CalculateField Damage_sites_Update_Homs Neighborhood "Al Kheder" VB #</Process><Process ToolSource="c:\program files (x86)\arcgis\desktop10.1\ArcToolbox\Toolboxes\Data Management Tools.tbx\CalculateField" Date="20140528" Time="164256">CalculateField Damage_sites_Update_Homs Neighborhood "Al Mrija" VB #</Process><Process ToolSource="c:\program files (x86)\arcgis\desktop10.1\ArcToolbox\Toolboxes\Data Management Tools.tbx\CalculateField" Date="20140528" Time="164400">CalculateField Damage_sites_Update_Homs Neighborhood "Al Rifai" VB #</Process><Process ToolSource="c:\program files (x86)\arcgis\desktop10.1\ArcToolbox\Toolboxes\Data Management Tools.tbx\CalculateField" Date="20140528" Time="164425">CalculateField Damage_sites_Update_Homs Neighborhood "Beit Al Tawil" VB #</Process><Process ToolSource="c:\program files (x86)\arcgis\desktop10.1\ArcToolbox\Toolboxes\Data Management Tools.tbx\CalculateField" Date="20140528" Time="164459">CalculateField Damage_sites_Update_Homs Neighborhood "Karam Elloz" VB #</Process><Process ToolSource="c:\program files (x86)\arcgis\desktop10.1\ArcToolbox\Toolboxes\Data Management Tools.tbx\CalculateField" Date="20140528" Time="164518">CalculateField Damage_sites_Update_Homs Neighborhood "Karam Elloz" VB #</Process><Process ToolSource="c:\program files (x86)\arcgis\desktop10.1\ArcToolbox\Toolboxes\Data Management Tools.tbx\CalculateField" Date="20140528" Time="164548">CalculateField Damage_sites_Update_Homs Neighborhood "Ibn Waleed" VB #</Process><Process ToolSource="c:\program files (x86)\arcgis\desktop10.1\ArcToolbox\Toolboxes\Data Management Tools.tbx\CalculateField" Date="20140528" Time="164645">CalculateField Damage_sites_Update_Homs Neighborhood "Kafar  Aya" VB #</Process><Process ToolSource="c:\program files (x86)\arcgis\desktop10.1\ArcToolbox\Toolboxes\Data Management Tools.tbx\CalculateField" Date="20140528" Time="164721">CalculateField Damage_sites_Update_Homs Neighborhood "Southeast of Bab Amr" VB #</Process><Process ToolSource="c:\program files (x86)\arcgis\desktop10.1\ArcToolbox\Toolboxes\Data Management Tools.tbx\CalculateField" Date="20140528" Time="164744">CalculateField Damage_sites_Update_Homs Neighborhood "Shammas" VB #</Process><Process ToolSource="c:\program files (x86)\arcgis\desktop10.1\ArcToolbox\Toolboxes\Data Management Tools.tbx\CalculateField" Date="20140528" Time="164814">CalculateField Damage_sites_Update_Homs Neighborhood "Aladine Camp" VB #</Process><Process ToolSource="c:\program files (x86)\arcgis\desktop10.1\ArcToolbox\Toolboxes\Data Management Tools.tbx\CalculateField" Date="20140528" Time="164844">CalculateField Damage_sites_Update_Homs Neighborhood "Karm Al Shami" VB #</Process><Process ToolSource="c:\program files (x86)\arcgis\desktop10.1\ArcToolbox\Toolboxes\Data Management Tools.tbx\CalculateField" Date="20140528" Time="164909">CalculateField Damage_sites_Update_Homs Neighborhood "Al Mahatta" VB #</Process><Process ToolSource="c:\program files (x86)\arcgis\desktop10.1\ArcToolbox\Toolboxes\Data Management Tools.tbx\CalculateField" Date="20140528" Time="164933">CalculateField Damage_sites_Update_Homs Neighborhood "Al Baghtasiyah" VB #</Process><Process ToolSource="c:\program files (x86)\arcgis\desktop10.1\ArcToolbox\Toolboxes\Data Management Tools.tbx\CalculateField" Date="20140528" Time="165008">CalculateField Damage_sites_Update_Homs Neighborhood "Jouret Al Shayyah" VB #</Process><Process ToolSource="c:\program files (x86)\arcgis\desktop10.1\ArcToolbox\Toolboxes\Data Management Tools.tbx\CalculateField" Date="20140528" Time="165042">CalculateField Damage_sites_Update_Homs Neighborhood "Jobar" VB #</Process><Process ToolSource="c:\program files (x86)\arcgis\desktop10.1\ArcToolbox\Toolboxes\Data Management Tools.tbx\CalculateField" Date="20140528" Time="165116">CalculateField Damage_sites_Update_Homs Neighborhood "Sultaniya" VB #</Process><Process ToolSource="c:\program files (x86)\arcgis\desktop10.1\ArcToolbox\Toolboxes\Data Management Tools.tbx\CalculateField" Date="20140528" Time="165142">CalculateField Damage_sites_Update_Homs Neighborhood "Bab  Amr" VB #</Process><Process ToolSource="c:\program files (x86)\arcgis\desktop10.1\ArcToolbox\Toolboxes\Data Management Tools.tbx\CalculateField" Date="20140528" Time="165210">CalculateField Damage_sites_Update_Homs Neighborhood "Al Tawzi  Al Ejbari" VB #</Process><Process ToolSource="c:\program files (x86)\arcgis\desktop10.1\ArcToolbox\Toolboxes\Data Management Tools.tbx\CalculateField" Date="20140528" Time="165240">CalculateField Damage_sites_Update_Homs Neighborhood "Al Inshaat" VB #</Process><Process ToolSource="c:\program files (x86)\arcgis\desktop10.1\ArcToolbox\Toolboxes\Data Management Tools.tbx\CalculateField" Date="20140528" Time="165315">CalculateField Damage_sites_Update_Homs Neighborhood "Malab" VB #</Process><Process ToolSource="c:\program files (x86)\arcgis\desktop10.1\ArcToolbox\Toolboxes\Data Management Tools.tbx\CalculateField" Date="20140528" Time="165347">CalculateField Damage_sites_Update_Homs Neighborhood "Al Ghouta" VB #</Process><Process ToolSource="c:\program files (x86)\arcgis\desktop10.1\ArcToolbox\Toolboxes\Data Management Tools.tbx\CalculateField" Date="20140528" Time="165627">CalculateField Damage_sites_Update_Homs Neighborhood "Aldwair" VB #</Process><Process ToolSource="c:\program files (x86)\arcgis\desktop10.1\ArcToolbox\Toolboxes\Data Management Tools.tbx\CalculateField" Date="20140528" Time="165803">CalculateField Damage_sites_Update_Homs Neighborhood "Groves 1" VB #</Process><Process ToolSource="c:\program files (x86)\arcgis\desktop10.1\ArcToolbox\Toolboxes\Data Management Tools.tbx\CalculateField" Date="20140528" Time="165847">CalculateField Damage_sites_Update_Homs Neighborhood "Groves 2" VB #</Process><Process ToolSource="c:\program files (x86)\arcgis\desktop10.1\ArcToolbox\Toolboxes\Data Management Tools.tbx\CalculateField" Date="20140528" Time="170003">CalculateField Damage_sites_Update_Homs Neighborhood "Al Qarabis" VB #</Process><Process ToolSource="c:\program files (x86)\arcgis\desktop10.1\ArcToolbox\Toolboxes\Data Management Tools.tbx\CalculateField" Date="20140528" Time="170035">CalculateField Damage_sites_Update_Homs Neighborhood "Al Qasoor" VB #</Process><Process ToolSource="c:\program files (x86)\arcgis\desktop10.1\ArcToolbox\Toolboxes\Data Management Tools.tbx\CalculateField" Date="20140528" Time="170220">CalculateField Damage_sites_Update_Homs Neighborhood "Unknown" VB #</Process><Process ToolSource="c:\program files (x86)\arcgis\desktop10.1\ArcToolbox\Toolboxes\Data Management Tools.tbx\CalculateField" Date="20140528" Time="170428">CalculateField Damage_sites_Update_Homs Neighborhood "Bab Sbaa" VB #</Process><Process ToolSource="c:\program files (x86)\arcgis\desktop10.1\ArcToolbox\Toolboxes\Data Management Tools.tbx\CalculateField" Date="20140528" Time="170457">CalculateField Damage_sites_Update_Homs Neighborhood "East of Bab Amr" VB #</Process><Process ToolSource="c:\program files (x86)\arcgis\desktop10.1\ArcToolbox\Toolboxes\Data Management Tools.tbx\CalculateField" Date="20140528" Time="171459">CalculateField Damage_sites_Update_Homs Damage_Status 1 VB #</Process><Process ToolSource="c:\program files (x86)\arcgis\desktop10.1\ArcToolbox\Toolboxes\Data Management Tools.tbx\CalculateField" Date="20140528" Time="171602">CalculateField Damage_sites_Update_Homs Damage_Status 2 VB #</Process><Process ToolSource="c:\program files (x86)\arcgis\desktop10.1\ArcToolbox\Toolboxes\Data Management Tools.tbx\CalculateField" Date="20140528" Time="171720">CalculateField Damage_sites_Update_Homs Damage_Status 0 VB #</Process><Process ToolSource="c:\program files (x86)\arcgis\desktop10.2\ArcToolbox\Toolboxes\Data Management Tools.tbx\CalculateField" Date="20140716" Time="105744">CalculateField Damage_sites_Update_Homs_20140421 Notes "" VB #</Process><Process ToolSource="c:\program files (x86)\arcgis\desktop10.3\ArcToolbox\Toolboxes\Conversion Tools.tbx\FeatureClassToFeatureClass" Date="20161101" Time="184253">FeatureClassToFeatureClass M:\SY_Syria\GeoData\UNOSAT\Geodatabase\CE20130604SYR_OFDAREACH.gdb\Damage_Analysis_UNOSAT\Damage_Sites_Homs_CDA_REORDER M:\SY_Syria\GeoData\UNOSAT\Geodatabase\CE20130604SYR_OFDAREACH.gdb\Damage_Analysis_UNOSAT Damage_Sites_Homs_CDA_REORDER0 # "SiteID "SiteID" true true false 2 Short 0 0 ,First,#,M:\SY_Syria\GeoData\UNOSAT\Geodatabase\CE20130604SYR_OFDAREACH.gdb\Damage_Analysis_UNOSAT\Damage_Sites_Homs_CDA_REORDER,SiteID,-1,-1;SensorDate "SensorDate" true true false 8 Date 0 0 ,First,#,M:\SY_Syria\GeoData\UNOSAT\Geodatabase\CE20130604SYR_OFDAREACH.gdb\Damage_Analysis_UNOSAT\Damage_Sites_Homs_CDA_REORDER,SensorDate,-1,-1;SensorID "SensorID" true true false 4 Long 0 0 ,First,#,M:\SY_Syria\GeoData\UNOSAT\Geodatabase\CE20130604SYR_OFDAREACH.gdb\Damage_Analysis_UNOSAT\Damage_Sites_Homs_CDA_REORDER,SensorID,-1,-1;ConfidenceID "ConfidenceID" true true false 2 Short 0 0 ,First,#,M:\SY_Syria\GeoData\UNOSAT\Geodatabase\CE20130604SYR_OFDAREACH.gdb\Damage_Analysis_UNOSAT\Damage_Sites_Homs_CDA_REORDER,ConfidenceID,-1,-1;Main_Damage_Site_Class "Main_Damage_Site_Class" true true false 2 Short 0 0 ,First,#,M:\SY_Syria\GeoData\UNOSAT\Geodatabase\CE20130604SYR_OFDAREACH.gdb\Damage_Analysis_UNOSAT\Damage_Sites_Homs_CDA_REORDER,Main_Damage_Site_Class,-1,-1;SensorDate_2 "SensorDate_2" true true false 8 Date 0 0 ,First,#,M:\SY_Syria\GeoData\UNOSAT\Geodatabase\CE20130604SYR_OFDAREACH.gdb\Damage_Analysis_UNOSAT\Damage_Sites_Homs_CDA_REORDER,SensorDate_2,-1,-1;SensorID_2 "SensorID_2" true true false 4 Long 0 0 ,First,#,M:\SY_Syria\GeoData\UNOSAT\Geodatabase\CE20130604SYR_OFDAREACH.gdb\Damage_Analysis_UNOSAT\Damage_Sites_Homs_CDA_REORDER,SensorID_2,-1,-1;ConfidenceID_2 "ConfidenceID_2" true true false 2 Short 0 0 ,First,#,M:\SY_Syria\GeoData\UNOSAT\Geodatabase\CE20130604SYR_OFDAREACH.gdb\Damage_Analysis_UNOSAT\Damage_Sites_Homs_CDA_REORDER,ConfidenceID_2,-1,-1;Main_Damage_Site_Class_2 "Main_Damage_Site_Class_2" true true false 2 Short 0 0 ,First,#,M:\SY_Syria\GeoData\UNOSAT\Geodatabase\CE20130604SYR_OFDAREACH.gdb\Damage_Analysis_UNOSAT\Damage_Sites_Homs_CDA_REORDER,Main_Damage_Site_Class_2,-1,-1;Damage_Status "Damage_Status" true true false 2 Short 0 0 ,First,#,M:\SY_Syria\GeoData\UNOSAT\Geodatabase\CE20130604SYR_OFDAREACH.gdb\Damage_Analysis_UNOSAT\Damage_Sites_Homs_CDA_REORDER,Damage_Status,-1,-1;Grouped_Damage_Classes "Grouped_Damage_Classes" true true false 2 Short 0 0 ,First,#,M:\SY_Syria\GeoData\UNOSAT\Geodatabase\CE20130604SYR_OFDAREACH.gdb\Damage_Analysis_UNOSAT\Damage_Sites_Homs_CDA_REORDER,Grouped_Damage_Classes,-1,-1;FieldValidation "FieldValidation" true true false 2 Short 0 0 ,First,#,M:\SY_Syria\GeoData\UNOSAT\Geodatabase\CE20130604SYR_OFDAREACH.gdb\Damage_Analysis_UNOSAT\Damage_Sites_Homs_CDA_REORDER,FieldValidation,-1,-1;Notes "Notes" true true false 100 Text 0 0 ,First,#,M:\SY_Syria\GeoData\UNOSAT\Geodatabase\CE20130604SYR_OFDAREACH.gdb\Damage_Analysis_UNOSAT\Damage_Sites_Homs_CDA_REORDER,Notes,-1,-1;Settlement_Name "Settlement_Name" true true false 100 Text 0 0 ,First,#,M:\SY_Syria\GeoData\UNOSAT\Geodatabase\CE20130604SYR_OFDAREACH.gdb\Damage_Analysis_UNOSAT\Damage_Sites_Homs_CDA_REORDER,Settlement_Name,-1,-1;Neighborhood "Neighborhood" true true false 50 Text 0 0 ,First,#,M:\SY_Syria\GeoData\UNOSAT\Geodatabase\CE20130604SYR_OFDAREACH.gdb\Damage_Analysis_UNOSAT\Damage_Sites_Homs_CDA_REORDER,Neighborhood,-1,-1;EventCode "EventCode" true true false 50 Text 0 0 ,First,#,M:\SY_Syria\GeoData\UNOSAT\Geodatabase\CE20130604SYR_OFDAREACH.gdb\Damage_Analysis_UNOSAT\Damage_Sites_Homs_CDA_REORDER,EventCode,-1,-1" #</Process><Process ToolSource="c:\program files (x86)\arcgis\desktop10.3\ArcToolbox\Toolboxes\Data Management Tools.tbx\Rename" Date="20161101" Time="184323">Rename M:\SY_Syria\GeoData\UNOSAT\Geodatabase\CE20130604SYR_OFDAREACH.gdb\Damage_Analysis_UNOSAT\Damage_Sites_Homs_CDA_REORDER0 M:\SY_Syria\GeoData\UNOSAT\Geodatabase\CE20130604SYR_OFDAREACH.gdb\Damage_Analysis_UNOSAT\Damage_Sites_Homs_CDA_REORDER FeatureClass</Process><Process ToolSource="c:\program files (x86)\arcgis\desktop10.3\ArcToolbox\Toolboxes\Data Management Tools.tbx\CalculateField" Date="20161129" Time="210324">CalculateField Damage_Sites_Homs_CDA Notes "&lt;Null&gt;" VB #</Process><Process ToolSource="c:\program files (x86)\arcgis\desktop10.3\ArcToolbox\Toolboxes\Data Management Tools.tbx\CalculateField" Date="20161129" Time="210737">CalculateField Damage_Sites_Homs_CDA Neighborhood "Unknown" VB #</Process><Process ToolSource="c:\program files (x86)\arcgis\desktop10.4\ArcToolbox\Toolboxes\Data Management Tools.tbx\CalculateField" Date="20161206" Time="223043">CalculateField Damage_Sites_Homs_CDA Neighborhood "Farming" VB #</Process><Process ToolSource="c:\program files (x86)\arcgis\desktop10.4\ArcToolbox\Toolboxes\Data Management Tools.tbx\CalculateField" Date="20161208" Time="151744">CalculateField Damage_Sites_Homs_CDA Neighborhood "Unknown" VB #</Process><Process ToolSource="c:\program files (x86)\arcgis\desktop10.4\ArcToolbox\Toolboxes\Data Management Tools.tbx\CalculateField" Date="20161208" Time="151835">CalculateField Damage_Sites_Homs_CDA Neighborhood "Silos Area" VB #</Process><Process ToolSource="c:\program files (x86)\arcgis\desktop10.4\ArcToolbox\Toolboxes\Data Management Tools.tbx\CalculateField" Date="20161208" Time="152039">CalculateField Damage_Sites_Homs_CDA Neighborhood "Garages Area" VB #</Process><Process ToolSource="c:\program files (x86)\arcgis\desktop10.4\ArcToolbox\Toolboxes\Data Management Tools.tbx\CalculateField" Date="20161208" Time="152154">CalculateField Damage_Sites_Homs_CDA Neighborhood "Industrial Area" VB #</Process><Process ToolSource="c:\program files (x86)\arcgis\desktop10.4\ArcToolbox\Toolboxes\Data Management Tools.tbx\CalculateField" Date="20161208" Time="153443">CalculateField Damage_Sites_Homs_CDA Neighborhood "Al Walid Suburb" VB #</Process><Process ToolSource="c:\program files (x86)\arcgis\desktop10.4\ArcToolbox\Toolboxes\Data Management Tools.tbx\CopyFeatures" Date="20161219" Time="173412">CopyFeatures out_lyr M:\SY_Syria\GeoData\UNOSAT\Data_to_Process\CE20130604SYR\Sebastian\fieldrename\CE20130604SYR_OFDAREACH.gdb\Damage_Analysis_UNOSAT\Damage_Sites_Homs_CDA_o # 0 0 0</Process><Process ToolSource="C:\Users\sricochi\OneDrive - UNITAR\scripts\Toolbox (2).tbx\fieldNameChange" Date="20161219" Time="173413">fieldNameChange M:\SY_Syria\GeoData\UNOSAT\Data_to_Process\CE20130604SYR\Sebastian\fieldrename\CE20130604SYR_OFDAREACH.gdb\Damage_Analysis_UNOSAT\Damage_Sites_Homs_CDA M:\SY_Syria\GeoData\UNOSAT\Data_to_Process\CE20130604SYR\Sebastian\fieldrename\CE20130604SYR_OFDAREACH.gdb\Damage_Analysis_UNOSAT\Damage_Sites_Homs_CDA_o</Process><Process ToolSource="c:\program files (x86)\arcgis\desktop10.4\ArcToolbox\Toolboxes\Conversion Tools.tbx\FeatureClassToFeatureClass" Date="20161219" Time="174320">FeatureClassToFeatureClass GPL0 M:\SY_Syria\GeoData\UNOSAT\Data_to_Process\CE20130604SYR\Sebastian\fieldrename Damage_Sites_Homs_CDA_o # "SiteID "SiteID" true true false 255 Text 0 0 ,First,#,M:\SY_Syria\GeoData\UNOSAT\Data_to_Process\CE20130604SYR\Sebastian\fieldrename\CE20130604SYR_OFDAREACH.gdb\Damage_Analysis_UNOSAT\Damage_Sites_Homs_CDA_o,SiteID,-1,-1;SensDt "SensorDate" true true false 8 Date 0 0 ,First,#,M:\SY_Syria\GeoData\UNOSAT\Data_to_Process\CE20130604SYR\Sebastian\fieldrename\CE20130604SYR_OFDAREACH.gdb\Damage_Analysis_UNOSAT\Damage_Sites_Homs_CDA_o,SensDt,-1,-1;SensorID "SensorID" true true false 255 Text 0 0 ,First,#,M:\SY_Syria\GeoData\UNOSAT\Data_to_Process\CE20130604SYR\Sebastian\fieldrename\CE20130604SYR_OFDAREACH.gdb\Damage_Analysis_UNOSAT\Damage_Sites_Homs_CDA_o,SensorID,-1,-1;ConfID "ConfID" true true false 255 Text 0 0 ,First,#,M:\SY_Syria\GeoData\UNOSAT\Data_to_Process\CE20130604SYR\Sebastian\fieldrename\CE20130604SYR_OFDAREACH.gdb\Damage_Analysis_UNOSAT\Damage_Sites_Homs_CDA_o,ConfID,-1,-1;DmgCls "DmgCls" true true false 255 Text 0 0 ,First,#,M:\SY_Syria\GeoData\UNOSAT\Data_to_Process\CE20130604SYR\Sebastian\fieldrename\CE20130604SYR_OFDAREACH.gdb\Damage_Analysis_UNOSAT\Damage_Sites_Homs_CDA_o,DmgCls,-1,-1;SensDt_2 "SensorDate_2" true true false 8 Date 0 0 ,First,#,M:\SY_Syria\GeoData\UNOSAT\Data_to_Process\CE20130604SYR\Sebastian\fieldrename\CE20130604SYR_OFDAREACH.gdb\Damage_Analysis_UNOSAT\Damage_Sites_Homs_CDA_o,SensDt_2,-1,-1;SensID_2 "SensID_2" true true false 255 Text 0 0 ,First,#,M:\SY_Syria\GeoData\UNOSAT\Data_to_Process\CE20130604SYR\Sebastian\fieldrename\CE20130604SYR_OFDAREACH.gdb\Damage_Analysis_UNOSAT\Damage_Sites_Homs_CDA_o,SensID_2,-1,-1;ConfID_2 "ConfID_2" true true false 255 Text 0 0 ,First,#,M:\SY_Syria\GeoData\UNOSAT\Data_to_Process\CE20130604SYR\Sebastian\fieldrename\CE20130604SYR_OFDAREACH.gdb\Damage_Analysis_UNOSAT\Damage_Sites_Homs_CDA_o,ConfID_2,-1,-1;DmgCls_2 "DmgCls_2" true true false 255 Text 0 0 ,First,#,M:\SY_Syria\GeoData\UNOSAT\Data_to_Process\CE20130604SYR\Sebastian\fieldrename\CE20130604SYR_OFDAREACH.gdb\Damage_Analysis_UNOSAT\Damage_Sites_Homs_CDA_o,DmgCls_2,-1,-1;DmgSts_2 "DmgSts_2" true true false 255 Text 0 0 ,First,#,M:\SY_Syria\GeoData\UNOSAT\Data_to_Process\CE20130604SYR\Sebastian\fieldrename\CE20130604SYR_OFDAREACH.gdb\Damage_Analysis_UNOSAT\Damage_Sites_Homs_CDA_o,DmgSts_2,-1,-1;GrpDmgCls "GrpDmgCls" true true false 255 Text 0 0 ,First,#,M:\SY_Syria\GeoData\UNOSAT\Data_to_Process\CE20130604SYR\Sebastian\fieldrename\CE20130604SYR_OFDAREACH.gdb\Damage_Analysis_UNOSAT\Damage_Sites_Homs_CDA_o,GrpDmgCls,-1,-1;FldValid "FldValid" true true false 255 Text 0 0 ,First,#,M:\SY_Syria\GeoData\UNOSAT\Data_to_Process\CE20130604SYR\Sebastian\fieldrename\CE20130604SYR_OFDAREACH.gdb\Damage_Analysis_UNOSAT\Damage_Sites_Homs_CDA_o,FldValid,-1,-1;Notes "Notes" true true false 100 Text 0 0 ,First,#,M:\SY_Syria\GeoData\UNOSAT\Data_to_Process\CE20130604SYR\Sebastian\fieldrename\CE20130604SYR_OFDAREACH.gdb\Damage_Analysis_UNOSAT\Damage_Sites_Homs_CDA_o,Notes,-1,-1;StlmtNme "Settlement_Name" true true false 100 Text 0 0 ,First,#,M:\SY_Syria\GeoData\UNOSAT\Data_to_Process\CE20130604SYR\Sebastian\fieldrename\CE20130604SYR_OFDAREACH.gdb\Damage_Analysis_UNOSAT\Damage_Sites_Homs_CDA_o,StlmtNme,-1,-1;Neighbrhd "Neighborhood" true true false 50 Text 0 0 ,First,#,M:\SY_Syria\GeoData\UNOSAT\Data_to_Process\CE20130604SYR\Sebastian\fieldrename\CE20130604SYR_OFDAREACH.gdb\Damage_Analysis_UNOSAT\Damage_Sites_Homs_CDA_o,Neighbrhd,-1,-1;EventCode "EventCode" true true false 50 Text 0 0 ,First,#,M:\SY_Syria\GeoData\UNOSAT\Data_to_Process\CE20130604SYR\Sebastian\fieldrename\CE20130604SYR_OFDAREACH.gdb\Damage_Analysis_UNOSAT\Damage_Sites_Homs_CDA_o,EventCode,-1,-1" #</Process></lineage><itemProps><itemLocation><linkage Sync="TRUE">file://\\cerndata05\gis\SY_Syria\GeoData\UNOSAT\Data_to_Process\CE20130604SYR\Sebastian\fieldrename\Damage_Sites_Homs_CDA_o.shp</linkage><protocol Sync="TRUE">Local Area Network</protocol></itemLocation><itemName Sync="TRUE">Damage_Sites_Homs_CDA_o</itemName><imsContentType Sync="TRUE">002</imsContentType><itemSize Sync="TRUE">0.000</itemSize></itemProps><coordRef><type Sync="TRUE">Geographic</type><geogcsn Sync="TRUE">GCS_WGS_1984</geogcsn><csUnits Sync="TRUE">Angular Unit: Degree (0.017453)</csUnits><peXml Sync="TRUE">&lt;GeographicCoordinateSystem xsi:type='typens:GeographicCoordinateSystem' xmlns:xsi='http://www.w3.org/2001/XMLSchema-instance' xmlns:xs='http://www.w3.org/2001/XMLSchema' xmlns:typens='http://www.esri.com/schemas/ArcGIS/10.4'&gt;&lt;WKT&gt;GEOGCS[&amp;quot;GCS_WGS_1984&amp;quot;,DATUM[&amp;quot;D_WGS_1984&amp;quot;,SPHEROID[&amp;quot;WGS_1984&amp;quot;,6378137.0,298.257223563]],PRIMEM[&amp;quot;Greenwich&amp;quot;,0.0],UNIT[&amp;quot;Degree&amp;quot;,0.0174532925199433],AUTHORITY[&amp;quot;EPSG&amp;quot;,4326]],VERTCS[&amp;quot;EGM96_Geoid&amp;quot;,VDATUM[&amp;quot;EGM96_Geoid&amp;quot;],PARAMETER[&amp;quot;Vertical_Shift&amp;quot;,0.0],PARAMETER[&amp;quot;Direction&amp;quot;,1.0],UNIT[&amp;quot;Meter&amp;quot;,1.0],AUTHORITY[&amp;quot;EPSG&amp;quot;,5773]]&lt;/WKT&gt;&lt;XOrigin&gt;-400&lt;/XOrigin&gt;&lt;YOrigin&gt;-400&lt;/YOrigin&gt;&lt;XYScale&gt;11258999068426.238&lt;/XYScale&gt;&lt;ZOrigin&gt;-100000&lt;/ZOrigin&gt;&lt;ZScale&gt;10000&lt;/ZScale&gt;&lt;MOrigin&gt;-100000&lt;/MOrigin&gt;&lt;MScale&gt;10000&lt;/MScale&gt;&lt;XYTolerance&gt;8.983152841195215e-009&lt;/XYTolerance&gt;&lt;ZTolerance&gt;0.001&lt;/ZTolerance&gt;&lt;MTolerance&gt;0.001&lt;/MTolerance&gt;&lt;HighPrecision&gt;true&lt;/HighPrecision&gt;&lt;LeftLongitude&gt;-180&lt;/LeftLongitude&gt;&lt;WKID&gt;4326&lt;/WKID&gt;&lt;LatestWKID&gt;4326&lt;/LatestWKID&gt;&lt;VCSWKID&gt;5773&lt;/VCSWKID&gt;&lt;LatestVCSWKID&gt;5773&lt;/LatestVCSWKID&gt;&lt;/GeographicCoordinateSystem&gt;</peXml></coordRef></DataProperties><SyncDate>20161219</SyncDate><SyncTime>17431500</SyncTime><ModDate>20161219</ModDate><ModTime>17431500</ModTime></Esri><dataIdInfo><envirDesc Sync="TRUE"> Version 6.2 (Build 9200) ; Esri ArcGIS 10.4.1.5686</envirDesc><dataLang><languageCode value="eng" Sync="TRUE"></languageCode><countryCode value="USA" Sync="TRUE"></countryCode></dataLang><idCitation><resTitle Sync="TRUE">Damage_Sites_Homs_CDA_o</resTitle><presForm><PresFormCd value="005" Sync="TRUE"></PresFormCd></presForm></idCitation><spatRpType><SpatRepTypCd value="001" Sync="TRUE"></SpatRepTypCd></spatRpType></dataIdInfo><mdLang><languageCode value="eng" Sync="TRUE"></languageCode><countryCode value="USA" Sync="TRUE"></countryCode></mdLang><distInfo><distFormat><formatName Sync="TRUE">Shapefile</formatName></distFormat><distTranOps><transSize Sync="TRUE">0.000</transSize></distTranOps></distInfo><mdHrLv><ScopeCd value="005" Sync="TRUE"></ScopeCd></mdHrLv><mdHrLvName Sync="TRUE">dataset</mdHrLvName><refSysInfo><RefSystem><refSysID><identCode code="4326" Sync="TRUE"></identCode><idCodeSpace Sync="TRUE">EPSG</idCodeSpace><idVersion Sync="TRUE">6.14(3.0.1)</idVersion></refSysID></RefSystem></refSysInfo><spatRepInfo><VectSpatRep><geometObjs Name="Damage_Sites_Homs_CDA_o"><geoObjTyp><GeoObjTypCd value="004" Sync="TRUE"></GeoObjTypCd></geoObjTyp><geoObjCnt Sync="TRUE">0</geoObjCnt></geometObjs><topLvl><TopoLevCd value="001" Sync="TRUE"></TopoLevCd></topLvl></VectSpatRep></spatRepInfo><spdoinfo><ptvctinf><esriterm Name="Damage_Sites_Homs_CDA_o"><efeatyp Sync="TRUE">Simple</efeatyp><efeageom code="1" Sync="TRUE"></efeageom><esritopo Sync="TRUE">FALSE</esritopo><efeacnt Sync="TRUE">0</efeacnt><spindex Sync="TRUE">FALSE</spindex><linrefer Sync="TRUE">FALSE</linrefer></esriterm></ptvctinf></spdoinfo><eainfo><detailed Name="Damage_Sites_Homs_CDA_o"><enttyp><enttypl Sync="TRUE">Damage_Sites_Homs_CDA_o</enttypl><enttypt Sync="TRUE">Feature Class</enttypt><enttypc Sync="TRUE">0</enttypc></enttyp><attr><attrlabl Sync="TRUE">FID</attrlabl><attalias Sync="TRUE">FID</attalias><attrtype Sync="TRUE">OID</attrtype><attwidth Sync="TRUE">4</attwidth><atprecis Sync="TRUE">0</atprecis><attscale Sync="TRUE">0</attscale><attrdef Sync="TRUE">Internal feature number.</attrdef><attrdefs Sync="TRUE">Esri</attrdefs><attrdomv><udom Sync="TRUE">Sequential unique whole numbers that are automatically generated.</udom></attrdomv></attr><attr><attrlabl Sync="TRUE">Shape</attrlabl><attalias Sync="TRUE">Shape</attalias><attrtype Sync="TRUE">Geometry</attrtype><attwidth Sync="TRUE">0</attwidth><atprecis Sync="TRUE">0</atprecis><attscale Sync="TRUE">0</attscale><attrdef Sync="TRUE">Feature geometry.</attrdef><attrdefs Sync="TRUE">Esri</attrdefs><attrdomv><udom Sync="TRUE">Coordinates defining the features.</udom></attrdomv></attr><attr><attrlabl Sync="TRUE">SiteID</attrlabl><attalias Sync="TRUE">SiteID</attalias><attrtype Sync="TRUE">String</attrtype><attwidth Sync="TRUE">254</attwidth><atprecis Sync="TRUE">0</atprecis><attscale Sync="TRUE">0</attscale></attr><attr><attrlabl Sync="TRUE">SensDt</attrlabl><attalias Sync="TRUE">SensDt</attalias><attrtype Sync="TRUE">Date</attrtype><attwidth Sync="TRUE">8</attwidth><atprecis Sync="TRUE">0</atprecis><attscale Sync="TRUE">0</attscale></attr><attr><attrlabl Sync="TRUE">SensorID</attrlabl><attalias Sync="TRUE">SensorID</attalias><attrtype Sync="TRUE">String</attrtype><attwidth Sync="TRUE">254</attwidth><atprecis Sync="TRUE">0</atprecis><attscale Sync="TRUE">0</attscale></attr><attr><attrlabl Sync="TRUE">ConfID</attrlabl><attalias Sync="TRUE">ConfID</attalias><attrtype Sync="TRUE">String</attrtype><attwidth Sync="TRUE">254</attwidth><atprecis Sync="TRUE">0</atprecis><attscale Sync="TRUE">0</attscale></attr><attr><attrlabl Sync="TRUE">DmgCls</attrlabl><attalias Sync="TRUE">DmgCls</attalias><attrtype Sync="TRUE">String</attrtype><attwidth Sync="TRUE">254</attwidth><atprecis Sync="TRUE">0</atprecis><attscale Sync="TRUE">0</attscale></attr><attr><attrlabl Sync="TRUE">SensDt_2</attrlabl><attalias Sync="TRUE">SensDt_2</attalias><attrtype Sync="TRUE">Date</attrtype><attwidth Sync="TRUE">8</attwidth><atprecis Sync="TRUE">0</atprecis><attscale Sync="TRUE">0</attscale></attr><attr><attrlabl Sync="TRUE">SensID_2</attrlabl><attalias Sync="TRUE">SensID_2</attalias><attrtype Sync="TRUE">String</attrtype><attwidth Sync="TRUE">254</attwidth><atprecis Sync="TRUE">0</atprecis><attscale Sync="TRUE">0</attscale></attr><attr><attrlabl Sync="TRUE">ConfID_2</attrlabl><attalias Sync="TRUE">ConfID_2</attalias><attrtype Sync="TRUE">String</attrtype><attwidth Sync="TRUE">254</attwidth><atprecis Sync="TRUE">0</atprecis><attscale Sync="TRUE">0</attscale></attr><attr><attrlabl Sync="TRUE">DmgCls_2</attrlabl><attalias Sync="TRUE">DmgCls_2</attalias><attrtype Sync="TRUE">String</attrtype><attwidth Sync="TRUE">254</attwidth><atprecis Sync="TRUE">0</atprecis><attscale Sync="TRUE">0</attscale></attr><attr><attrlabl Sync="TRUE">DmgSts_2</attrlabl><attalias Sync="TRUE">DmgSts_2</attalias><attrtype Sync="TRUE">String</attrtype><attwidth Sync="TRUE">254</attwidth><atprecis Sync="TRUE">0</atprecis><attscale Sync="TRUE">0</attscale></attr><attr><attrlabl Sync="TRUE">GrpDmgCls</attrlabl><attalias Sync="TRUE">GrpDmgCls</attalias><attrtype Sync="TRUE">String</attrtype><attwidth Sync="TRUE">254</attwidth><atprecis Sync="TRUE">0</atprecis><attscale Sync="TRUE">0</attscale></attr><attr><attrlabl Sync="TRUE">FldValid</attrlabl><attalias Sync="TRUE">FldValid</attalias><attrtype Sync="TRUE">String</attrtype><attwidth Sync="TRUE">254</attwidth><atprecis Sync="TRUE">0</atprecis><attscale Sync="TRUE">0</attscale></attr><attr><attrlabl Sync="TRUE">Notes</attrlabl><attalias Sync="TRUE">Notes</attalias><attrtype Sync="TRUE">String</attrtype><attwidth Sync="TRUE">100</attwidth><atprecis Sync="TRUE">0</atprecis><attscale Sync="TRUE">0</attscale></attr><attr><attrlabl Sync="TRUE">StlmtNme</attrlabl><attalias Sync="TRUE">StlmtNme</attalias><attrtype Sync="TRUE">String</attrtype><attwidth Sync="TRUE">100</attwidth><atprecis Sync="TRUE">0</atprecis><attscale Sync="TRUE">0</attscale></attr><attr><attrlabl Sync="TRUE">Neighbrhd</attrlabl><attalias Sync="TRUE">Neighbrhd</attalias><attrtype Sync="TRUE">String</attrtype><attwidth Sync="TRUE">50</attwidth><atprecis Sync="TRUE">0</atprecis><attscale Sync="TRUE">0</attscale></attr><attr><attrlabl Sync="TRUE">EventCode</attrlabl><attalias Sync="TRUE">EventCode</attalias><attrtype Sync="TRUE">String</attrtype><attwidth Sync="TRUE">50</attwidth><atprecis Sync="TRUE">0</atprecis><attscale Sync="TRUE">0</attscale></attr></detailed></eainfo><mdDateSt Sync="TRUE">20161219</mdDateSt></metadata>
