<metadata xml:lang="en"><Esri><CreaDate>20140715</CreaDate><CreaTime>16015600</CreaTime><ArcGISFormat>1.0</ArcGISFormat><SyncOnce>FALSE</SyncOnce><DataProperties><lineage><Process ToolSource="c:\program files (x86)\arcgis\desktop10.1\ArcToolbox\Toolboxes\Data Management Tools.tbx\CalculateField" Date="20140422" Time="114024">CalculateField Hama_1 Settlement_Name "Daraa" VB #</Process><Process ToolSource="c:\program files (x86)\arcgis\desktop10.1\ArcToolbox\Toolboxes\Data Management Tools.tbx\CalculateField" Date="20140422" Time="114127">CalculateField Hama_1 Neighborhood "" VB #</Process><Process ToolSource="c:\program files (x86)\arcgis\desktop10.1\ArcToolbox\Toolboxes\Data Management Tools.tbx\CalculateField" Date="20140424" Time="121445">CalculateField Damage_sites_Homs Neighborhood "Unknown" VB #</Process><Process ToolSource="c:\program files (x86)\arcgis\desktop10.1\ArcToolbox\Toolboxes\Data Management Tools.tbx\CalculateField" Date="20140507" Time="141335">CalculateField Damage_sites_Homs_Update_Filled Main_Damage_Site_Class_2 "[Main_Damage_Site_Class] = [Main_Damage_Site_Class_2]" VB #</Process><Process ToolSource="c:\program files (x86)\arcgis\desktop10.1\ArcToolbox\Toolboxes\Data Management Tools.tbx\CalculateField" Date="20140507" Time="141411">CalculateField Damage_sites_Homs_Update_Filled Main_Damage_Site_Class_2 [Main_Damage_Site_Class] VB #</Process><Process ToolSource="c:\program files (x86)\arcgis\desktop10.1\ArcToolbox\Toolboxes\Data Management Tools.tbx\CalculateField" Date="20140507" Time="141427">CalculateField Damage_sites_Homs_Update_Filled ConfidenceID_2 [ConfidenceID] VB #</Process><Process ToolSource="c:\program files (x86)\arcgis\desktop10.1\ArcToolbox\Toolboxes\Data Management Tools.tbx\CalculateField" Date="20140507" Time="172558">CalculateField Damage_sites_Homs_Update_Pilot Settlement_Name Homs VB #</Process><Process ToolSource="c:\program files (x86)\arcgis\desktop10.1\ArcToolbox\Toolboxes\Data Management Tools.tbx\CalculateField" Date="20140507" Time="172610">CalculateField Damage_sites_Homs_Update_Pilot Settlement_Name "Homs" VB #</Process><Process ToolSource="c:\program files (x86)\arcgis\desktop10.1\ArcToolbox\Toolboxes\Data Management Tools.tbx\CalculateField" Date="20140507" Time="172915">CalculateField Damage_sites_Homs_Update_Pilot Neighborhood "Al Qarabis" VB #</Process><Process ToolSource="c:\program files (x86)\arcgis\desktop10.1\ArcToolbox\Toolboxes\Data Management Tools.tbx\CalculateField" Date="20140507" Time="172938">CalculateField Damage_sites_Homs_Update_Pilot Neighborhood "Unknown" VB #</Process><Process ToolSource="c:\program files (x86)\arcgis\desktop10.1\ArcToolbox\Toolboxes\Data Management Tools.tbx\CalculateField" Date="20140507" Time="173035">CalculateField Damage_sites_Homs_Update_Pilot Neighborhood "Al Qassor" VB #</Process><Process ToolSource="c:\program files (x86)\arcgis\desktop10.1\ArcToolbox\Toolboxes\Data Management Tools.tbx\CalculateField" Date="20140508" Time="101138">CalculateField Damage_sites_Homs_Update_Pilot_A Damage_Status 0
 VB #</Process><Process ToolSource="c:\program files (x86)\arcgis\desktop10.1\ArcToolbox\Toolboxes\Data Management Tools.tbx\CalculateField" Date="20140508" Time="101311">CalculateField Damage_sites_Homs_Update_Pilot_A Damage_Status 3 VB #</Process><Process ToolSource="c:\program files (x86)\arcgis\desktop10.1\ArcToolbox\Toolboxes\Data Management Tools.tbx\CalculateField" Date="20140508" Time="101551">CalculateField Damage_sites_Homs_Update_Pilot_A Damage_Status 1 VB #</Process><Process ToolSource="c:\program files (x86)\arcgis\desktop10.1\ArcToolbox\Toolboxes\Data Management Tools.tbx\CalculateField" Date="20140508" Time="101620">CalculateField Damage_sites_Homs_Update_Pilot_A Damage_Status 2 VB #</Process><Process ToolSource="c:\program files (x86)\arcgis\desktop10.1\ArcToolbox\Toolboxes\Data Management Tools.tbx\CalculateField" Date="20140508" Time="101745">CalculateField Damage_sites_Homs_Update_Pilot_A SensorDate_2 "26 September 2013" VB #</Process><Process ToolSource="c:\program files (x86)\arcgis\desktop10.1\ArcToolbox\Toolboxes\Data Management Tools.tbx\CalculateField" Date="20140508" Time="101757">CalculateField Damage_sites_Homs_Update_Pilot_A SensorID_2 2 VB #</Process><Process ToolSource="c:\program files (x86)\arcgis\desktop10.1\ArcToolbox\Toolboxes\Data Management Tools.tbx\CalculateField" Date="20140508" Time="101858">CalculateField Damage_sites_Homs_Update_Pilot_A SensorDate_2 "21 April 2014" VB #</Process><Process ToolSource="c:\program files (x86)\arcgis\desktop10.1\ArcToolbox\Toolboxes\Data Management Tools.tbx\CalculateField" Date="20140508" Time="102020">CalculateField Damage_sites_Homs_Update_Pilot_A SensorID_2 35 VB #</Process><Process ToolSource="c:\program files (x86)\arcgis\desktop10.1\ArcToolbox\Toolboxes\Data Management Tools.tbx\CalculateField" Date="20140508" Time="102659">CalculateField Damage_sites_Homs_Update_Pilot_A ConfidenceID 2 VB #</Process><Process ToolSource="c:\program files (x86)\arcgis\desktop10.1\ArcToolbox\Toolboxes\Data Management Tools.tbx\CalculateField" Date="20140508" Time="103012">CalculateField Damage_sites_Homs_Update_Pilot_A SensorDate_2 "21 April 2014" VB #</Process><Process ToolSource="c:\program files (x86)\arcgis\desktop10.1\ArcToolbox\Toolboxes\Data Management Tools.tbx\CalculateField" Date="20140508" Time="103021">CalculateField Damage_sites_Homs_Update_Pilot_A SensorID_2 35 VB #</Process><Process ToolSource="c:\program files (x86)\arcgis\desktop10.1\ArcToolbox\Toolboxes\Data Management Tools.tbx\CalculateField" Date="20140508" Time="103139">CalculateField Damage_sites_Homs_Update_Pilot_A SiteID 36 VB #</Process><Process ToolSource="c:\program files (x86)\arcgis\desktop10.1\ArcToolbox\Toolboxes\Data Management Tools.tbx\CalculateField" Date="20140508" Time="103151">CalculateField Damage_sites_Homs_Update_Pilot_A SiteID 26 VB #</Process><Process ToolSource="c:\program files (x86)\arcgis\desktop10.1\ArcToolbox\Toolboxes\Data Management Tools.tbx\CalculateField" Date="20140515" Time="155915">CalculateField Damage_sites_Update_Idlib SensorDate_2 "2 may 2014" VB #</Process><Process ToolSource="c:\program files (x86)\arcgis\desktop10.1\ArcToolbox\Toolboxes\Data Management Tools.tbx\CalculateField" Date="20140515" Time="160438">CalculateField Damage_sites_Update_Idlib ConfidenceID_2 [ConfidenceID] VB #</Process><Process ToolSource="c:\program files (x86)\arcgis\desktop10.1\ArcToolbox\Toolboxes\Data Management Tools.tbx\CalculateField" Date="20140515" Time="160449">CalculateField Damage_sites_Update_Idlib Main_Damage_Site_Class_2 [Main_Damage_Site_Class] VB #</Process><Process ToolSource="c:\program files (x86)\arcgis\desktop10.1\ArcToolbox\Toolboxes\Data Management Tools.tbx\CalculateField" Date="20140616" Time="160128">CalculateField Damage_sites_Update_Idlib ConfidenceID_2 [ConfidenceID] VB #</Process><Process ToolSource="c:\program files (x86)\arcgis\desktop10.1\ArcToolbox\Toolboxes\Data Management Tools.tbx\CalculateField" Date="20140616" Time="160201">CalculateField Damage_sites_Update_Idlib Main_Damage_Site_Class_2 [Main_Damage_Site_Class] VB #</Process><Process ToolSource="c:\program files (x86)\arcgis\desktop10.1\ArcToolbox\Toolboxes\Data Management Tools.tbx\CalculateField" Date="20140616" Time="160701">CalculateField Damage_sites_Update_Idlib EventCode "CE20130604SYR" VB #</Process><Process ToolSource="c:\program files (x86)\arcgis\desktop10.1\ArcToolbox\Toolboxes\Data Management Tools.tbx\CalculateField" Date="20140616" Time="160718">CalculateField Damage_sites_Update_Idlib Settlement_Name "Idlib" VB #</Process><Process ToolSource="c:\program files (x86)\arcgis\desktop10.1\ArcToolbox\Toolboxes\Data Management Tools.tbx\CalculateField" Date="20140616" Time="160849">CalculateField Damage_sites_Update_Idlib Neighborhood "Al Qasoor" VB #</Process><Process ToolSource="c:\program files (x86)\arcgis\desktop10.1\ArcToolbox\Toolboxes\Data Management Tools.tbx\CalculateField" Date="20140616" Time="161007">CalculateField Damage_sites_Update_Idlib Neighborhood "Downtown" VB #</Process><Process ToolSource="c:\program files (x86)\arcgis\desktop10.1\ArcToolbox\Toolboxes\Data Management Tools.tbx\CalculateField" Date="20140616" Time="161048">CalculateField Damage_sites_Update_Idlib Neighborhood "Hara West" VB #</Process><Process ToolSource="c:\program files (x86)\arcgis\desktop10.1\ArcToolbox\Toolboxes\Data Management Tools.tbx\CalculateField" Date="20140616" Time="161127">CalculateField Damage_sites_Update_Idlib Neighborhood "Hara North" VB #</Process><Process ToolSource="c:\program files (x86)\arcgis\desktop10.1\ArcToolbox\Toolboxes\Data Management Tools.tbx\CalculateField" Date="20140616" Time="161151">CalculateField Damage_sites_Update_Idlib Neighborhood "Al Qebilyah" VB #</Process><Process ToolSource="c:\program files (x86)\arcgis\desktop10.1\ArcToolbox\Toolboxes\Data Management Tools.tbx\CalculateField" Date="20140616" Time="161234">CalculateField Damage_sites_Update_Idlib Neighborhood "Unknown" VB #</Process><Process ToolSource="c:\program files (x86)\arcgis\desktop10.1\ArcToolbox\Toolboxes\Data Management Tools.tbx\CalculateField" Date="20140624" Time="173312">CalculateField Damage_sites_Update_Idlib Main_Damage_Site_Class_2 [Main_Damage_Site_Class] VB #</Process><Process ToolSource="c:\program files (x86)\arcgis\desktop10.1\ArcToolbox\Toolboxes\Data Management Tools.tbx\CalculateField" Date="20140624" Time="173354">CalculateField Damage_sites_Update_Idlib SensorDate_2 "2 may 2014" VB #</Process><Process ToolSource="c:\program files (x86)\arcgis\desktop10.2\ArcToolbox\Toolboxes\Conversion Tools.tbx\FeatureClassToFeatureClass" Date="20140715" Time="163215">FeatureClassToFeatureClass "\\cernunosat04\gis\SY_Syria\GeoData\UNOSAT\Data_to_Process\CE20130604SYR\OFDA-REACH Syria Project\Idlib\Geodatabase\CE20110704SYR_REACH_SDA_Idlib_Update_02052014_.gdb\Damage_Analysis\Damage_sites_Update_Idlib_REACH" "M:\SY_Syria\GeoData\UNOSAT\Data_to_Process\CE20130604SYR\OFDA-REACH Syria Project\UPDATE 2 - Final\CE20130604SYR_OFDA_REACH_SDA_UPDATE2_20140715.gdb\Damage_Analysis" Damage_sites_Update_Idlib_20140502 # "SiteID "SiteID" true true false 2 Short 0 0 ,First,#,\\cernunosat04\gis\SY_Syria\GeoData\UNOSAT\Data_to_Process\CE20130604SYR\OFDA-REACH Syria Project\Idlib\Geodatabase\CE20110704SYR_REACH_SDA_Idlib_Update_02052014_.gdb\Damage_Analysis\Damage_sites_Update_Idlib_REACH,SiteID,-1,-1;SensorDate "SensorDate" true true false 8 Date 0 0 ,First,#,\\cernunosat04\gis\SY_Syria\GeoData\UNOSAT\Data_to_Process\CE20130604SYR\OFDA-REACH Syria Project\Idlib\Geodatabase\CE20110704SYR_REACH_SDA_Idlib_Update_02052014_.gdb\Damage_Analysis\Damage_sites_Update_Idlib_REACH,SensorDate,-1,-1;SensorID "SensorID" true true false 4 Long 0 0 ,First,#,\\cernunosat04\gis\SY_Syria\GeoData\UNOSAT\Data_to_Process\CE20130604SYR\OFDA-REACH Syria Project\Idlib\Geodatabase\CE20110704SYR_REACH_SDA_Idlib_Update_02052014_.gdb\Damage_Analysis\Damage_sites_Update_Idlib_REACH,SensorID,-1,-1;ConfidenceID "ConfidenceID" true true false 2 Short 0 0 ,First,#,\\cernunosat04\gis\SY_Syria\GeoData\UNOSAT\Data_to_Process\CE20130604SYR\OFDA-REACH Syria Project\Idlib\Geodatabase\CE20110704SYR_REACH_SDA_Idlib_Update_02052014_.gdb\Damage_Analysis\Damage_sites_Update_Idlib_REACH,ConfidenceID,-1,-1;Main_Damage_Site_Class "Main_Damage_Site_Class" true true false 2 Short 0 0 ,First,#,\\cernunosat04\gis\SY_Syria\GeoData\UNOSAT\Data_to_Process\CE20130604SYR\OFDA-REACH Syria Project\Idlib\Geodatabase\CE20110704SYR_REACH_SDA_Idlib_Update_02052014_.gdb\Damage_Analysis\Damage_sites_Update_Idlib_REACH,Main_Damage_Site_Class,-1,-1;SensorDate_2 "SensorDate_2" true true false 8 Date 0 0 ,First,#,\\cernunosat04\gis\SY_Syria\GeoData\UNOSAT\Data_to_Process\CE20130604SYR\OFDA-REACH Syria Project\Idlib\Geodatabase\CE20110704SYR_REACH_SDA_Idlib_Update_02052014_.gdb\Damage_Analysis\Damage_sites_Update_Idlib_REACH,SensorDate_2,-1,-1;SensorID_2 "SensorID_2" true true false 4 Long 0 0 ,First,#,\\cernunosat04\gis\SY_Syria\GeoData\UNOSAT\Data_to_Process\CE20130604SYR\OFDA-REACH Syria Project\Idlib\Geodatabase\CE20110704SYR_REACH_SDA_Idlib_Update_02052014_.gdb\Damage_Analysis\Damage_sites_Update_Idlib_REACH,SensorID_2,-1,-1;ConfidenceID_2 "ConfidenceID_2" true true false 2 Short 0 0 ,First,#,\\cernunosat04\gis\SY_Syria\GeoData\UNOSAT\Data_to_Process\CE20130604SYR\OFDA-REACH Syria Project\Idlib\Geodatabase\CE20110704SYR_REACH_SDA_Idlib_Update_02052014_.gdb\Damage_Analysis\Damage_sites_Update_Idlib_REACH,ConfidenceID_2,-1,-1;Main_Damage_Site_Class_2 "Main_Damage_Site_Class_2" true true false 2 Short 0 0 ,First,#,\\cernunosat04\gis\SY_Syria\GeoData\UNOSAT\Data_to_Process\CE20130604SYR\OFDA-REACH Syria Project\Idlib\Geodatabase\CE20110704SYR_REACH_SDA_Idlib_Update_02052014_.gdb\Damage_Analysis\Damage_sites_Update_Idlib_REACH,Main_Damage_Site_Class_2,-1,-1;Grouped_Damage_Classes "Grouped_Damage_Classes" true true false 2 Short 0 0 ,First,#,\\cernunosat04\gis\SY_Syria\GeoData\UNOSAT\Data_to_Process\CE20130604SYR\OFDA-REACH Syria Project\Idlib\Geodatabase\CE20110704SYR_REACH_SDA_Idlib_Update_02052014_.gdb\Damage_Analysis\Damage_sites_Update_Idlib_REACH,Grouped_Damage_Classes,-1,-1;FieldValidation "FieldValidation" true true false 2 Short 0 0 ,First,#,\\cernunosat04\gis\SY_Syria\GeoData\UNOSAT\Data_to_Process\CE20130604SYR\OFDA-REACH Syria Project\Idlib\Geodatabase\CE20110704SYR_REACH_SDA_Idlib_Update_02052014_.gdb\Damage_Analysis\Damage_sites_Update_Idlib_REACH,FieldValidation,-1,-1;Damage_Status "Damage_Status" true true false 2 Short 0 0 ,First,#,\\cernunosat04\gis\SY_Syria\GeoData\UNOSAT\Data_to_Process\CE20130604SYR\OFDA-REACH Syria Project\Idlib\Geodatabase\CE20110704SYR_REACH_SDA_Idlib_Update_02052014_.gdb\Damage_Analysis\Damage_sites_Update_Idlib_REACH,Damage_Status,-1,-1;Notes "Notes" true true false 100 Text 0 0 ,First,#,\\cernunosat04\gis\SY_Syria\GeoData\UNOSAT\Data_to_Process\CE20130604SYR\OFDA-REACH Syria Project\Idlib\Geodatabase\CE20110704SYR_REACH_SDA_Idlib_Update_02052014_.gdb\Damage_Analysis\Damage_sites_Update_Idlib_REACH,Notes,-1,-1;Settlement_Name "Settlement_Name" true true false 100 Text 0 0 ,First,#,\\cernunosat04\gis\SY_Syria\GeoData\UNOSAT\Data_to_Process\CE20130604SYR\OFDA-REACH Syria Project\Idlib\Geodatabase\CE20110704SYR_REACH_SDA_Idlib_Update_02052014_.gdb\Damage_Analysis\Damage_sites_Update_Idlib_REACH,Settlement_Name,-1,-1;Neighborhood "Neighborhood" true true false 50 Text 0 0 ,First,#,\\cernunosat04\gis\SY_Syria\GeoData\UNOSAT\Data_to_Process\CE20130604SYR\OFDA-REACH Syria Project\Idlib\Geodatabase\CE20110704SYR_REACH_SDA_Idlib_Update_02052014_.gdb\Damage_Analysis\Damage_sites_Update_Idlib_REACH,Neighborhood,-1,-1;EventCode "EventCode" true true false 50 Text 0 0 ,First,#,\\cernunosat04\gis\SY_Syria\GeoData\UNOSAT\Data_to_Process\CE20130604SYR\OFDA-REACH Syria Project\Idlib\Geodatabase\CE20110704SYR_REACH_SDA_Idlib_Update_02052014_.gdb\Damage_Analysis\Damage_sites_Update_Idlib_REACH,EventCode,-1,-1" #</Process><Process ToolSource="c:\program files (x86)\arcgis\desktop10.2\ArcToolbox\Toolboxes\Data Management Tools.tbx\CalculateField" Date="20140716" Time="102749">CalculateField Damage_sites_Update_Idlib_20140502 Notes "Cloud cover" VB #</Process><Process ToolSource="c:\program files (x86)\arcgis\desktop10.2\ArcToolbox\Toolboxes\Data Management Tools.tbx\CalculateField" Date="20140716" Time="102935">CalculateField Damage_sites_Update_Idlib_20140502 Notes "Possible site of 30 April 2012 car bombing" VB #</Process><Process ToolSource="c:\program files (x86)\arcgis\desktop10.3\ArcToolbox\Toolboxes\Data Management Tools.tbx\CalculateField" Date="20160603" Time="142224">CalculateField Damage_sites_Update_4_Daraa Damage_Status_4 3 VB #</Process><Process ToolSource="c:\program files (x86)\arcgis\desktop10.3\ArcToolbox\Toolboxes\Data Management Tools.tbx\CalculateField" Date="20160616" Time="135259">CalculateField Damage_sites_Update_4_Daraa SensorDate_4 "#19 April 2016#" VB #</Process><Process ToolSource="c:\program files (x86)\arcgis\desktop10.3\ArcToolbox\Toolboxes\Data Management Tools.tbx\CalculateField" Date="20160616" Time="135333">CalculateField Damage_sites_Update_4_Daraa SensorID_4 2 VB #</Process><Process ToolSource="c:\program files (x86)\arcgis\desktop10.3\ArcToolbox\Toolboxes\Data Management Tools.tbx\CalculateField" Date="20160616" Time="135456">CalculateField Damage_sites_Update_4_Daraa Damage_Status_4 3 VB #</Process><Process ToolSource="c:\program files (x86)\arcgis\desktop10.3\ArcToolbox\Toolboxes\Data Management Tools.tbx\CalculateField" Date="20160616" Time="135508">CalculateField Damage_sites_Update_4_Daraa Damage_Status_4 0 VB #</Process><Process ToolSource="c:\program files (x86)\arcgis\desktop10.3\ArcToolbox\Toolboxes\Data Management Tools.tbx\CalculateField" Date="20160616" Time="135530">CalculateField Damage_sites_Update_4_Daraa ConfidenceID_4 [ConfidenceID_3] VB #</Process><Process ToolSource="c:\program files (x86)\arcgis\desktop10.3\ArcToolbox\Toolboxes\Data Management Tools.tbx\CalculateField" Date="20160616" Time="135548">CalculateField Damage_sites_Update_4_Daraa Main_Damage_Site_Class_4 [Main_Damage_Site_Class_3] VB #</Process><Process ToolSource="c:\program files (x86)\arcgis\desktop10.3\ArcToolbox\Toolboxes\Data Management Tools.tbx\CalculateField" Date="20160621" Time="110201">CalculateField Damage_sites_Update_4_Daraa SensorID 0 VB #</Process><Process ToolSource="c:\program files (x86)\arcgis\desktop10.3\ArcToolbox\Toolboxes\Data Management Tools.tbx\CalculateField" Date="20160621" Time="110231">CalculateField Damage_sites_Update_4_Daraa SensorID "&lt;Null&gt;" VB #</Process><Process ToolSource="c:\program files (x86)\arcgis\desktop10.3\ArcToolbox\Toolboxes\Data Management Tools.tbx\CalculateField" Date="20160621" Time="110942">CalculateField Damage_sites_Update_4_Daraa SensorID NULL VB #</Process><Process ToolSource="c:\program files (x86)\arcgis\desktop10.3\ArcToolbox\Toolboxes\Data Management Tools.tbx\CalculateField" Date="20160621" Time="110949">CalculateField Damage_sites_Update_4_Daraa ConfidenceID NULL VB #</Process><Process ToolSource="c:\program files (x86)\arcgis\desktop10.3\ArcToolbox\Toolboxes\Data Management Tools.tbx\CalculateField" Date="20160621" Time="111001">CalculateField Damage_sites_Update_4_Daraa Main_Damage_Site_Class NULL VB #</Process><Process ToolSource="c:\program files (x86)\arcgis\desktop10.3\ArcToolbox\Toolboxes\Data Management Tools.tbx\CalculateField" Date="20160621" Time="111155">CalculateField Damage_sites_Update_4_Daraa SensorID_2 NULL VB #</Process><Process ToolSource="c:\program files (x86)\arcgis\desktop10.3\ArcToolbox\Toolboxes\Data Management Tools.tbx\CalculateField" Date="20160621" Time="111204">CalculateField Damage_sites_Update_4_Daraa ConfidenceID_2 NULL VB #</Process><Process ToolSource="c:\program files (x86)\arcgis\desktop10.3\ArcToolbox\Toolboxes\Data Management Tools.tbx\CalculateField" Date="20160621" Time="111224">CalculateField Damage_sites_Update_4_Daraa Main_Damage_Site_Class_2 NULL VB #</Process><Process ToolSource="c:\program files (x86)\arcgis\desktop10.3\ArcToolbox\Toolboxes\Data Management Tools.tbx\CalculateField" Date="20160621" Time="144745">CalculateField Damage_sites_Update_4_Daraa Neighborhood "Industrial Section" VB #</Process><Process ToolSource="c:\program files (x86)\arcgis\desktop10.3\ArcToolbox\Toolboxes\Data Management Tools.tbx\CalculateField" Date="20160621" Time="144943">CalculateField Damage_sites_Update_4_Daraa Neighborhood ""Dar'a Mahatta"" VB #</Process><Process ToolSource="c:\program files (x86)\arcgis\desktop10.3\ArcToolbox\Toolboxes\Data Management Tools.tbx\CalculateField" Date="20160621" Time="145106">CalculateField Damage_sites_Update_4_Daraa Neighborhood "Palestinian Camp" VB #</Process><Process ToolSource="c:\program files (x86)\arcgis\desktop10.3\ArcToolbox\Toolboxes\Data Management Tools.tbx\CalculateField" Date="20160621" Time="145222">CalculateField Damage_sites_Update_4_Daraa Neighborhood "Tariq al-Sadd" VB #</Process><Process ToolSource="c:\program files (x86)\arcgis\desktop10.3\ArcToolbox\Toolboxes\Data Management Tools.tbx\CalculateField" Date="20160621" Time="145408">CalculateField Damage_sites_Update_4_Daraa Neighborhood ""Dar'a al-Balad"" VB #</Process><Process ToolSource="c:\program files (x86)\arcgis\desktop10.3\ArcToolbox\Toolboxes\Data Management Tools.tbx\CalculateField" Date="20160621" Time="145539">CalculateField Damage_sites_Update_4_Daraa Neighborhood "Al-Manshiyah" VB #</Process><Process ToolSource="c:\program files (x86)\arcgis\desktop10.3\ArcToolbox\Toolboxes\Data Management Tools.tbx\CalculateField" Date="20160621" Time="145729">CalculateField Damage_sites_Update_4_Daraa Neighborhood "Al-Manshiyah" VB #</Process><Process ToolSource="c:\program files (x86)\arcgis\desktop10.3\ArcToolbox\Toolboxes\Data Management Tools.tbx\CalculateField" Date="20160622" Time="145955">CalculateField Damage_sites_Update_4_Daraa Notes "School" VB #</Process><Process ToolSource="c:\program files (x86)\arcgis\desktop10.3\ArcToolbox\Toolboxes\Conversion Tools.tbx\FeatureClassToFeatureClass" Date="20161101" Time="194234">FeatureClassToFeatureClass M:\SY_Syria\GeoData\UNOSAT\Geodatabase\CE20130604SYR_OFDAREACH.gdb\Damage_Analysis_UNOSAT\Damage_Sites_Daraa_CDA M:\SY_Syria\GeoData\UNOSAT\Geodatabase\CE20130604SYR_OFDAREACH.gdb\Damage_Analysis_UNOSAT Damage_Sites_Daraa_CDA0 # "SiteID "SiteID" true true false 2 Short 0 0 ,First,#,M:\SY_Syria\GeoData\UNOSAT\Geodatabase\CE20130604SYR_OFDAREACH.gdb\Damage_Analysis_UNOSAT\Damage_Sites_Daraa_CDA,SiteID,-1,-1;SensorDate "SensorDate" true true false 8 Date 0 0 ,First,#,M:\SY_Syria\GeoData\UNOSAT\Geodatabase\CE20130604SYR_OFDAREACH.gdb\Damage_Analysis_UNOSAT\Damage_Sites_Daraa_CDA,SensorDate,-1,-1;SensorID "SensorID" true true false 4 Long 0 0 ,First,#,M:\SY_Syria\GeoData\UNOSAT\Geodatabase\CE20130604SYR_OFDAREACH.gdb\Damage_Analysis_UNOSAT\Damage_Sites_Daraa_CDA,SensorID,-1,-1;ConfidenceID "ConfidenceID" true true false 2 Short 0 0 ,First,#,M:\SY_Syria\GeoData\UNOSAT\Geodatabase\CE20130604SYR_OFDAREACH.gdb\Damage_Analysis_UNOSAT\Damage_Sites_Daraa_CDA,ConfidenceID,-1,-1;Main_Damage_Site_Class "Main_Damage_Site_Class" true true false 2 Short 0 0 ,First,#,M:\SY_Syria\GeoData\UNOSAT\Geodatabase\CE20130604SYR_OFDAREACH.gdb\Damage_Analysis_UNOSAT\Damage_Sites_Daraa_CDA,Main_Damage_Site_Class,-1,-1;SensorDate_2 "SensorDate_2" true true false 8 Date 0 0 ,First,#,M:\SY_Syria\GeoData\UNOSAT\Geodatabase\CE20130604SYR_OFDAREACH.gdb\Damage_Analysis_UNOSAT\Damage_Sites_Daraa_CDA,SensorDate_2,-1,-1;SensorID_2 "SensorID_2" true true false 4 Long 0 0 ,First,#,M:\SY_Syria\GeoData\UNOSAT\Geodatabase\CE20130604SYR_OFDAREACH.gdb\Damage_Analysis_UNOSAT\Damage_Sites_Daraa_CDA,SensorID_2,-1,-1;ConfidenceID_2 "ConfidenceID_2" true true false 2 Short 0 0 ,First,#,M:\SY_Syria\GeoData\UNOSAT\Geodatabase\CE20130604SYR_OFDAREACH.gdb\Damage_Analysis_UNOSAT\Damage_Sites_Daraa_CDA,ConfidenceID_2,-1,-1;Main_Damage_Site_Class_2 "Main_Damage_Site_Class_2" true true false 2 Short 0 0 ,First,#,M:\SY_Syria\GeoData\UNOSAT\Geodatabase\CE20130604SYR_OFDAREACH.gdb\Damage_Analysis_UNOSAT\Damage_Sites_Daraa_CDA,Main_Damage_Site_Class_2,-1,-1;Damage_Status_2 "Damage_Status_2" true true false 2 Short 0 0 ,First,#,M:\SY_Syria\GeoData\UNOSAT\Geodatabase\CE20130604SYR_OFDAREACH.gdb\Damage_Analysis_UNOSAT\Damage_Sites_Daraa_CDA,Damage_Status_2,-1,-1;SensorDate_3 "SensorDate_3" true true false 8 Date 0 0 ,First,#,M:\SY_Syria\GeoData\UNOSAT\Geodatabase\CE20130604SYR_OFDAREACH.gdb\Damage_Analysis_UNOSAT\Damage_Sites_Daraa_CDA,SensorDate_3,-1,-1;SensorID_3 "SensorID_3" true true false 4 Long 0 0 ,First,#,M:\SY_Syria\GeoData\UNOSAT\Geodatabase\CE20130604SYR_OFDAREACH.gdb\Damage_Analysis_UNOSAT\Damage_Sites_Daraa_CDA,SensorID_3,-1,-1;ConfidenceID_3 "ConfidenceID_3" true true false 2 Short 0 0 ,First,#,M:\SY_Syria\GeoData\UNOSAT\Geodatabase\CE20130604SYR_OFDAREACH.gdb\Damage_Analysis_UNOSAT\Damage_Sites_Daraa_CDA,ConfidenceID_3,-1,-1;Main_Damage_Site_Class_3 "Main_Damage_Site_Class_3" true true false 4 Long 0 0 ,First,#,M:\SY_Syria\GeoData\UNOSAT\Geodatabase\CE20130604SYR_OFDAREACH.gdb\Damage_Analysis_UNOSAT\Damage_Sites_Daraa_CDA,Main_Damage_Site_Class_3,-1,-1;Damage_Status_3 "Damage_Status_3" true true false 2 Short 0 0 ,First,#,M:\SY_Syria\GeoData\UNOSAT\Geodatabase\CE20130604SYR_OFDAREACH.gdb\Damage_Analysis_UNOSAT\Damage_Sites_Daraa_CDA,Damage_Status_3,-1,-1;SensorDate_4 "SensorDate_4" true true false 8 Date 0 0 ,First,#,M:\SY_Syria\GeoData\UNOSAT\Geodatabase\CE20130604SYR_OFDAREACH.gdb\Damage_Analysis_UNOSAT\Damage_Sites_Daraa_CDA,SensorDate_4,-1,-1;SensorID_4 "SensorID_4" true true false 4 Long 0 0 ,First,#,M:\SY_Syria\GeoData\UNOSAT\Geodatabase\CE20130604SYR_OFDAREACH.gdb\Damage_Analysis_UNOSAT\Damage_Sites_Daraa_CDA,SensorID_4,-1,-1;ConfidenceID_4 "ConfidenceID_4" true true false 2 Short 0 0 ,First,#,M:\SY_Syria\GeoData\UNOSAT\Geodatabase\CE20130604SYR_OFDAREACH.gdb\Damage_Analysis_UNOSAT\Damage_Sites_Daraa_CDA,ConfidenceID_4,-1,-1;Main_Damage_Site_Class_4 "Main_Damage_Site_Class_4" true true false 2 Short 0 0 ,First,#,M:\SY_Syria\GeoData\UNOSAT\Geodatabase\CE20130604SYR_OFDAREACH.gdb\Damage_Analysis_UNOSAT\Damage_Sites_Daraa_CDA,Main_Damage_Site_Class_4,-1,-1;Damage_Status_4 "Damage_Status_4" true true false 2 Short 0 0 ,First,#,M:\SY_Syria\GeoData\UNOSAT\Geodatabase\CE20130604SYR_OFDAREACH.gdb\Damage_Analysis_UNOSAT\Damage_Sites_Daraa_CDA,Damage_Status_4,-1,-1;Grouped_Damage_Classes "Grouped_Damage_Classes" true true false 2 Short 0 0 ,First,#,M:\SY_Syria\GeoData\UNOSAT\Geodatabase\CE20130604SYR_OFDAREACH.gdb\Damage_Analysis_UNOSAT\Damage_Sites_Daraa_CDA,Grouped_Damage_Classes,-1,-1;FieldValidation "FieldValidation" true true false 2 Short 0 0 ,First,#,M:\SY_Syria\GeoData\UNOSAT\Geodatabase\CE20130604SYR_OFDAREACH.gdb\Damage_Analysis_UNOSAT\Damage_Sites_Daraa_CDA,FieldValidation,-1,-1;Notes "Notes" true true false 100 Text 0 0 ,First,#,M:\SY_Syria\GeoData\UNOSAT\Geodatabase\CE20130604SYR_OFDAREACH.gdb\Damage_Analysis_UNOSAT\Damage_Sites_Daraa_CDA,Notes,-1,-1;Settlement_Name "Settlement_Name" true true false 100 Text 0 0 ,First,#,M:\SY_Syria\GeoData\UNOSAT\Geodatabase\CE20130604SYR_OFDAREACH.gdb\Damage_Analysis_UNOSAT\Damage_Sites_Daraa_CDA,Settlement_Name,-1,-1;Neighborhood "Neighborhood" true true false 50 Text 0 0 ,First,#,M:\SY_Syria\GeoData\UNOSAT\Geodatabase\CE20130604SYR_OFDAREACH.gdb\Damage_Analysis_UNOSAT\Damage_Sites_Daraa_CDA,Neighborhood,-1,-1;EventCode "EventCode" true true false 50 Text 0 0 ,First,#,M:\SY_Syria\GeoData\UNOSAT\Geodatabase\CE20130604SYR_OFDAREACH.gdb\Damage_Analysis_UNOSAT\Damage_Sites_Daraa_CDA,EventCode,-1,-1" #</Process><Process ToolSource="c:\program files (x86)\arcgis\desktop10.3\ArcToolbox\Toolboxes\Data Management Tools.tbx\Rename" Date="20161101" Time="194305">Rename M:\SY_Syria\GeoData\UNOSAT\Geodatabase\CE20130604SYR_OFDAREACH.gdb\Damage_Analysis_UNOSAT\Damage_Sites_Daraa_CDA0 M:\SY_Syria\GeoData\UNOSAT\Geodatabase\CE20130604SYR_OFDAREACH.gdb\Damage_Analysis_UNOSAT\Damage_Sites_Daraa_CDA FeatureClass</Process><Process ToolSource="c:\program files (x86)\arcgis\desktop10.3\ArcToolbox\Toolboxes\Data Management Tools.tbx\CalculateField" Date="20161102" Time="163924">CalculateField Damage_Sites_Daraa_CDA Neighborhood "Unknown" VB #</Process><Process ToolSource="c:\program files (x86)\arcgis\desktop10.3\ArcToolbox\Toolboxes\Data Management Tools.tbx\CalculateField" Date="20161102" Time="164213">CalculateField Damage_Sites_Daraa_CDA Neighborhood "Unknown" VB #</Process><Process ToolSource="c:\program files (x86)\arcgis\desktop10.3\ArcToolbox\Toolboxes\Data Management Tools.tbx\CalculateField" Date="20161129" Time="165220">CalculateField Damage_Sites_Daraa_CDA Notes "&lt;Null&gt;" VB #</Process><Process ToolSource="c:\program files (x86)\arcgis\desktop10.4\ArcToolbox\Toolboxes\Data Management Tools.tbx\CalculateField" Date="20161208" Time="143508">CalculateField Damage_Sites_Daraa_CDA Damage_Status_2 "&lt;Null&gt;" VB #</Process><Process ToolSource="c:\program files (x86)\arcgis\desktop10.4\ArcToolbox\Toolboxes\Data Management Tools.tbx\CalculateField" Date="20161208" Time="144110">CalculateField Damage_Sites_Daraa_CDA Damage_Status_2 NULL VB #</Process><Process ToolSource="c:\program files (x86)\arcgis\desktop10.4\ArcToolbox\Toolboxes\Data Management Tools.tbx\CopyFeatures" Date="20161219" Time="172631">CopyFeatures out_lyr M:\SY_Syria\GeoData\UNOSAT\Data_to_Process\CE20130604SYR\Sebastian\fieldrename\CE20130604SYR_OFDAREACH.gdb\Damage_Analysis_UNOSAT\Damage_Sites_Daraa_CDA_o # 0 0 0</Process><Process ToolSource="C:\Users\sricochi\OneDrive - UNITAR\scripts\Toolbox (2).tbx\fieldNameChange" Date="20161219" Time="172632">fieldNameChange M:\SY_Syria\GeoData\UNOSAT\Data_to_Process\CE20130604SYR\Sebastian\fieldrename\CE20130604SYR_OFDAREACH.gdb\Damage_Analysis_UNOSAT\Damage_Sites_Daraa_CDA M:\SY_Syria\GeoData\UNOSAT\Data_to_Process\CE20130604SYR\Sebastian\fieldrename\CE20130604SYR_OFDAREACH.gdb\Damage_Analysis_UNOSAT\Damage_Sites_Daraa_CDA_o</Process><Process ToolSource="c:\program files (x86)\arcgis\desktop10.4\ArcToolbox\Toolboxes\Conversion Tools.tbx\FeatureClassToFeatureClass" Date="20161219" Time="174202">FeatureClassToFeatureClass GPL0 M:\SY_Syria\GeoData\UNOSAT\Data_to_Process\CE20130604SYR\Sebastian\fieldrename Damage_Sites_Daraa_CDA_o # "SiteID "SiteID" true true false 255 Text 0 0 ,First,#,M:\SY_Syria\GeoData\UNOSAT\Data_to_Process\CE20130604SYR\Sebastian\fieldrename\CE20130604SYR_OFDAREACH.gdb\Damage_Analysis_UNOSAT\Damage_Sites_Daraa_CDA_o,SiteID,-1,-1;SensDt "SensorDate" true true false 8 Date 0 0 ,First,#,M:\SY_Syria\GeoData\UNOSAT\Data_to_Process\CE20130604SYR\Sebastian\fieldrename\CE20130604SYR_OFDAREACH.gdb\Damage_Analysis_UNOSAT\Damage_Sites_Daraa_CDA_o,SensDt,-1,-1;SensorID "SensorID" true true false 255 Text 0 0 ,First,#,M:\SY_Syria\GeoData\UNOSAT\Data_to_Process\CE20130604SYR\Sebastian\fieldrename\CE20130604SYR_OFDAREACH.gdb\Damage_Analysis_UNOSAT\Damage_Sites_Daraa_CDA_o,SensorID,-1,-1;ConfID "ConfID" true true false 255 Text 0 0 ,First,#,M:\SY_Syria\GeoData\UNOSAT\Data_to_Process\CE20130604SYR\Sebastian\fieldrename\CE20130604SYR_OFDAREACH.gdb\Damage_Analysis_UNOSAT\Damage_Sites_Daraa_CDA_o,ConfID,-1,-1;DmgCls "DmgCls" true true false 255 Text 0 0 ,First,#,M:\SY_Syria\GeoData\UNOSAT\Data_to_Process\CE20130604SYR\Sebastian\fieldrename\CE20130604SYR_OFDAREACH.gdb\Damage_Analysis_UNOSAT\Damage_Sites_Daraa_CDA_o,DmgCls,-1,-1;SensDt_2 "SensorDate_2" true true false 8 Date 0 0 ,First,#,M:\SY_Syria\GeoData\UNOSAT\Data_to_Process\CE20130604SYR\Sebastian\fieldrename\CE20130604SYR_OFDAREACH.gdb\Damage_Analysis_UNOSAT\Damage_Sites_Daraa_CDA_o,SensDt_2,-1,-1;SensID_2 "SensID_2" true true false 255 Text 0 0 ,First,#,M:\SY_Syria\GeoData\UNOSAT\Data_to_Process\CE20130604SYR\Sebastian\fieldrename\CE20130604SYR_OFDAREACH.gdb\Damage_Analysis_UNOSAT\Damage_Sites_Daraa_CDA_o,SensID_2,-1,-1;ConfID_2 "ConfID_2" true true false 255 Text 0 0 ,First,#,M:\SY_Syria\GeoData\UNOSAT\Data_to_Process\CE20130604SYR\Sebastian\fieldrename\CE20130604SYR_OFDAREACH.gdb\Damage_Analysis_UNOSAT\Damage_Sites_Daraa_CDA_o,ConfID_2,-1,-1;DmgCls_2 "DmgCls_2" true true false 255 Text 0 0 ,First,#,M:\SY_Syria\GeoData\UNOSAT\Data_to_Process\CE20130604SYR\Sebastian\fieldrename\CE20130604SYR_OFDAREACH.gdb\Damage_Analysis_UNOSAT\Damage_Sites_Daraa_CDA_o,DmgCls_2,-1,-1;DmgSts_2 "DmgSts_2" true true false 255 Text 0 0 ,First,#,M:\SY_Syria\GeoData\UNOSAT\Data_to_Process\CE20130604SYR\Sebastian\fieldrename\CE20130604SYR_OFDAREACH.gdb\Damage_Analysis_UNOSAT\Damage_Sites_Daraa_CDA_o,DmgSts_2,-1,-1;SensDt_3 "SensorDate_3" true true false 8 Date 0 0 ,First,#,M:\SY_Syria\GeoData\UNOSAT\Data_to_Process\CE20130604SYR\Sebastian\fieldrename\CE20130604SYR_OFDAREACH.gdb\Damage_Analysis_UNOSAT\Damage_Sites_Daraa_CDA_o,SensDt_3,-1,-1;SensID_3 "SensID_3" true true false 255 Text 0 0 ,First,#,M:\SY_Syria\GeoData\UNOSAT\Data_to_Process\CE20130604SYR\Sebastian\fieldrename\CE20130604SYR_OFDAREACH.gdb\Damage_Analysis_UNOSAT\Damage_Sites_Daraa_CDA_o,SensID_3,-1,-1;ConfID_3 "ConfID_3" true true false 255 Text 0 0 ,First,#,M:\SY_Syria\GeoData\UNOSAT\Data_to_Process\CE20130604SYR\Sebastian\fieldrename\CE20130604SYR_OFDAREACH.gdb\Damage_Analysis_UNOSAT\Damage_Sites_Daraa_CDA_o,ConfID_3,-1,-1;DmgCls_3 "DmgCls_3" true true false 255 Text 0 0 ,First,#,M:\SY_Syria\GeoData\UNOSAT\Data_to_Process\CE20130604SYR\Sebastian\fieldrename\CE20130604SYR_OFDAREACH.gdb\Damage_Analysis_UNOSAT\Damage_Sites_Daraa_CDA_o,DmgCls_3,-1,-1;DmgSts_3 "DmgSts_3" true true false 255 Text 0 0 ,First,#,M:\SY_Syria\GeoData\UNOSAT\Data_to_Process\CE20130604SYR\Sebastian\fieldrename\CE20130604SYR_OFDAREACH.gdb\Damage_Analysis_UNOSAT\Damage_Sites_Daraa_CDA_o,DmgSts_3,-1,-1;SensDt_4 "SensorDate_4" true true false 8 Date 0 0 ,First,#,M:\SY_Syria\GeoData\UNOSAT\Data_to_Process\CE20130604SYR\Sebastian\fieldrename\CE20130604SYR_OFDAREACH.gdb\Damage_Analysis_UNOSAT\Damage_Sites_Daraa_CDA_o,SensDt_4,-1,-1;SensID_4 "SensID_4" true true false 255 Text 0 0 ,First,#,M:\SY_Syria\GeoData\UNOSAT\Data_to_Process\CE20130604SYR\Sebastian\fieldrename\CE20130604SYR_OFDAREACH.gdb\Damage_Analysis_UNOSAT\Damage_Sites_Daraa_CDA_o,SensID_4,-1,-1;ConfID_4 "ConfID_4" true true false 255 Text 0 0 ,First,#,M:\SY_Syria\GeoData\UNOSAT\Data_to_Process\CE20130604SYR\Sebastian\fieldrename\CE20130604SYR_OFDAREACH.gdb\Damage_Analysis_UNOSAT\Damage_Sites_Daraa_CDA_o,ConfID_4,-1,-1;DmgCls_4 "DmgCls_4" true true false 255 Text 0 0 ,First,#,M:\SY_Syria\GeoData\UNOSAT\Data_to_Process\CE20130604SYR\Sebastian\fieldrename\CE20130604SYR_OFDAREACH.gdb\Damage_Analysis_UNOSAT\Damage_Sites_Daraa_CDA_o,DmgCls_4,-1,-1;DmgSts_4 "DmgSts_4" true true false 255 Text 0 0 ,First,#,M:\SY_Syria\GeoData\UNOSAT\Data_to_Process\CE20130604SYR\Sebastian\fieldrename\CE20130604SYR_OFDAREACH.gdb\Damage_Analysis_UNOSAT\Damage_Sites_Daraa_CDA_o,DmgSts_4,-1,-1;GrpDmgCls "GrpDmgCls" true true false 255 Text 0 0 ,First,#,M:\SY_Syria\GeoData\UNOSAT\Data_to_Process\CE20130604SYR\Sebastian\fieldrename\CE20130604SYR_OFDAREACH.gdb\Damage_Analysis_UNOSAT\Damage_Sites_Daraa_CDA_o,GrpDmgCls,-1,-1;FldValid "FldValid" true true false 255 Text 0 0 ,First,#,M:\SY_Syria\GeoData\UNOSAT\Data_to_Process\CE20130604SYR\Sebastian\fieldrename\CE20130604SYR_OFDAREACH.gdb\Damage_Analysis_UNOSAT\Damage_Sites_Daraa_CDA_o,FldValid,-1,-1;Notes "Notes" true true false 100 Text 0 0 ,First,#,M:\SY_Syria\GeoData\UNOSAT\Data_to_Process\CE20130604SYR\Sebastian\fieldrename\CE20130604SYR_OFDAREACH.gdb\Damage_Analysis_UNOSAT\Damage_Sites_Daraa_CDA_o,Notes,-1,-1;StlmtNme "Settlement_Name" true true false 100 Text 0 0 ,First,#,M:\SY_Syria\GeoData\UNOSAT\Data_to_Process\CE20130604SYR\Sebastian\fieldrename\CE20130604SYR_OFDAREACH.gdb\Damage_Analysis_UNOSAT\Damage_Sites_Daraa_CDA_o,StlmtNme,-1,-1;Neighbrhd "Neighborhood" true true false 50 Text 0 0 ,First,#,M:\SY_Syria\GeoData\UNOSAT\Data_to_Process\CE20130604SYR\Sebastian\fieldrename\CE20130604SYR_OFDAREACH.gdb\Damage_Analysis_UNOSAT\Damage_Sites_Daraa_CDA_o,Neighbrhd,-1,-1;EventCode "EventCode" true true false 50 Text 0 0 ,First,#,M:\SY_Syria\GeoData\UNOSAT\Data_to_Process\CE20130604SYR\Sebastian\fieldrename\CE20130604SYR_OFDAREACH.gdb\Damage_Analysis_UNOSAT\Damage_Sites_Daraa_CDA_o,EventCode,-1,-1" #</Process></lineage><itemProps><itemLocation><linkage Sync="TRUE">file://\\cerndata05\gis\SY_Syria\GeoData\UNOSAT\Data_to_Process\CE20130604SYR\Sebastian\fieldrename\Damage_Sites_Daraa_CDA_o.shp</linkage><protocol Sync="TRUE">Local Area Network</protocol></itemLocation><itemName Sync="TRUE">Damage_Sites_Daraa_CDA_o</itemName><imsContentType Sync="TRUE">002</imsContentType><itemSize Sync="TRUE">0.000</itemSize></itemProps><coordRef><type Sync="TRUE">Geographic</type><geogcsn Sync="TRUE">GCS_WGS_1984</geogcsn><csUnits Sync="TRUE">Angular Unit: Degree (0.017453)</csUnits><peXml Sync="TRUE">&lt;GeographicCoordinateSystem xsi:type='typens:GeographicCoordinateSystem' xmlns:xsi='http://www.w3.org/2001/XMLSchema-instance' xmlns:xs='http://www.w3.org/2001/XMLSchema' xmlns:typens='http://www.esri.com/schemas/ArcGIS/10.4'&gt;&lt;WKT&gt;GEOGCS[&amp;quot;GCS_WGS_1984&amp;quot;,DATUM[&amp;quot;D_WGS_1984&amp;quot;,SPHEROID[&amp;quot;WGS_1984&amp;quot;,6378137.0,298.257223563]],PRIMEM[&amp;quot;Greenwich&amp;quot;,0.0],UNIT[&amp;quot;Degree&amp;quot;,0.0174532925199433],AUTHORITY[&amp;quot;EPSG&amp;quot;,4326]],VERTCS[&amp;quot;EGM96_Geoid&amp;quot;,VDATUM[&amp;quot;EGM96_Geoid&amp;quot;],PARAMETER[&amp;quot;Vertical_Shift&amp;quot;,0.0],PARAMETER[&amp;quot;Direction&amp;quot;,1.0],UNIT[&amp;quot;Meter&amp;quot;,1.0],AUTHORITY[&amp;quot;EPSG&amp;quot;,5773]]&lt;/WKT&gt;&lt;XOrigin&gt;-400&lt;/XOrigin&gt;&lt;YOrigin&gt;-400&lt;/YOrigin&gt;&lt;XYScale&gt;11258999068426.238&lt;/XYScale&gt;&lt;ZOrigin&gt;-100000&lt;/ZOrigin&gt;&lt;ZScale&gt;10000&lt;/ZScale&gt;&lt;MOrigin&gt;-100000&lt;/MOrigin&gt;&lt;MScale&gt;10000&lt;/MScale&gt;&lt;XYTolerance&gt;8.983152841195215e-009&lt;/XYTolerance&gt;&lt;ZTolerance&gt;0.001&lt;/ZTolerance&gt;&lt;MTolerance&gt;0.001&lt;/MTolerance&gt;&lt;HighPrecision&gt;true&lt;/HighPrecision&gt;&lt;LeftLongitude&gt;-180&lt;/LeftLongitude&gt;&lt;WKID&gt;4326&lt;/WKID&gt;&lt;LatestWKID&gt;4326&lt;/LatestWKID&gt;&lt;VCSWKID&gt;5773&lt;/VCSWKID&gt;&lt;LatestVCSWKID&gt;5773&lt;/LatestVCSWKID&gt;&lt;/GeographicCoordinateSystem&gt;</peXml></coordRef></DataProperties><SyncDate>20161219</SyncDate><SyncTime>17420200</SyncTime><ModDate>20161219</ModDate><ModTime>17420200</ModTime></Esri><dataIdInfo><envirDesc Sync="TRUE"> Version 6.2 (Build 9200) ; Esri ArcGIS 10.4.1.5686</envirDesc><dataLang><languageCode value="eng" Sync="TRUE"></languageCode><countryCode value="USA" Sync="TRUE"></countryCode></dataLang><idCitation><resTitle Sync="TRUE">Damage_Sites_Daraa_CDA_o</resTitle><presForm><PresFormCd value="005" Sync="TRUE"></PresFormCd></presForm></idCitation><spatRpType><SpatRepTypCd value="001" Sync="TRUE"></SpatRepTypCd></spatRpType></dataIdInfo><mdLang><languageCode value="eng" Sync="TRUE"></languageCode><countryCode value="USA" Sync="TRUE"></countryCode></mdLang><distInfo><distFormat><formatName Sync="TRUE">Shapefile</formatName></distFormat><distTranOps><transSize Sync="TRUE">0.000</transSize></distTranOps></distInfo><mdHrLv><ScopeCd value="005" Sync="TRUE"></ScopeCd></mdHrLv><mdHrLvName Sync="TRUE">dataset</mdHrLvName><refSysInfo><RefSystem><refSysID><identCode code="4326" Sync="TRUE"></identCode><idCodeSpace Sync="TRUE">EPSG</idCodeSpace><idVersion Sync="TRUE">6.14(3.0.1)</idVersion></refSysID></RefSystem></refSysInfo><spatRepInfo><VectSpatRep><geometObjs Name="Damage_Sites_Daraa_CDA_o"><geoObjTyp><GeoObjTypCd value="004" Sync="TRUE"></GeoObjTypCd></geoObjTyp><geoObjCnt Sync="TRUE">0</geoObjCnt></geometObjs><topLvl><TopoLevCd value="001" Sync="TRUE"></TopoLevCd></topLvl></VectSpatRep></spatRepInfo><spdoinfo><ptvctinf><esriterm Name="Damage_Sites_Daraa_CDA_o"><efeatyp Sync="TRUE">Simple</efeatyp><efeageom code="1" Sync="TRUE"></efeageom><esritopo Sync="TRUE">FALSE</esritopo><efeacnt Sync="TRUE">0</efeacnt><spindex Sync="TRUE">FALSE</spindex><linrefer Sync="TRUE">FALSE</linrefer></esriterm></ptvctinf></spdoinfo><eainfo><detailed Name="Damage_Sites_Daraa_CDA_o"><enttyp><enttypl Sync="TRUE">Damage_Sites_Daraa_CDA_o</enttypl><enttypt Sync="TRUE">Feature Class</enttypt><enttypc Sync="TRUE">0</enttypc></enttyp><attr><attrlabl Sync="TRUE">FID</attrlabl><attalias Sync="TRUE">FID</attalias><attrtype Sync="TRUE">OID</attrtype><attwidth Sync="TRUE">4</attwidth><atprecis Sync="TRUE">0</atprecis><attscale Sync="TRUE">0</attscale><attrdef Sync="TRUE">Internal feature number.</attrdef><attrdefs Sync="TRUE">Esri</attrdefs><attrdomv><udom Sync="TRUE">Sequential unique whole numbers that are automatically generated.</udom></attrdomv></attr><attr><attrlabl Sync="TRUE">Shape</attrlabl><attalias Sync="TRUE">Shape</attalias><attrtype Sync="TRUE">Geometry</attrtype><attwidth Sync="TRUE">0</attwidth><atprecis Sync="TRUE">0</atprecis><attscale Sync="TRUE">0</attscale><attrdef Sync="TRUE">Feature geometry.</attrdef><attrdefs Sync="TRUE">Esri</attrdefs><attrdomv><udom Sync="TRUE">Coordinates defining the features.</udom></attrdomv></attr><attr><attrlabl Sync="TRUE">SiteID</attrlabl><attalias Sync="TRUE">SiteID</attalias><attrtype Sync="TRUE">String</attrtype><attwidth Sync="TRUE">254</attwidth><atprecis Sync="TRUE">0</atprecis><attscale Sync="TRUE">0</attscale></attr><attr><attrlabl Sync="TRUE">SensDt</attrlabl><attalias Sync="TRUE">SensDt</attalias><attrtype Sync="TRUE">Date</attrtype><attwidth Sync="TRUE">8</attwidth><atprecis Sync="TRUE">0</atprecis><attscale Sync="TRUE">0</attscale></attr><attr><attrlabl Sync="TRUE">SensorID</attrlabl><attalias Sync="TRUE">SensorID</attalias><attrtype Sync="TRUE">String</attrtype><attwidth Sync="TRUE">254</attwidth><atprecis Sync="TRUE">0</atprecis><attscale Sync="TRUE">0</attscale></attr><attr><attrlabl Sync="TRUE">ConfID</attrlabl><attalias Sync="TRUE">ConfID</attalias><attrtype Sync="TRUE">String</attrtype><attwidth Sync="TRUE">254</attwidth><atprecis Sync="TRUE">0</atprecis><attscale Sync="TRUE">0</attscale></attr><attr><attrlabl Sync="TRUE">DmgCls</attrlabl><attalias Sync="TRUE">DmgCls</attalias><attrtype Sync="TRUE">String</attrtype><attwidth Sync="TRUE">254</attwidth><atprecis Sync="TRUE">0</atprecis><attscale Sync="TRUE">0</attscale></attr><attr><attrlabl Sync="TRUE">SensDt_2</attrlabl><attalias Sync="TRUE">SensDt_2</attalias><attrtype Sync="TRUE">Date</attrtype><attwidth Sync="TRUE">8</attwidth><atprecis Sync="TRUE">0</atprecis><attscale Sync="TRUE">0</attscale></attr><attr><attrlabl Sync="TRUE">SensID_2</attrlabl><attalias Sync="TRUE">SensID_2</attalias><attrtype Sync="TRUE">String</attrtype><attwidth Sync="TRUE">254</attwidth><atprecis Sync="TRUE">0</atprecis><attscale Sync="TRUE">0</attscale></attr><attr><attrlabl Sync="TRUE">ConfID_2</attrlabl><attalias Sync="TRUE">ConfID_2</attalias><attrtype Sync="TRUE">String</attrtype><attwidth Sync="TRUE">254</attwidth><atprecis Sync="TRUE">0</atprecis><attscale Sync="TRUE">0</attscale></attr><attr><attrlabl Sync="TRUE">DmgCls_2</attrlabl><attalias Sync="TRUE">DmgCls_2</attalias><attrtype Sync="TRUE">String</attrtype><attwidth Sync="TRUE">254</attwidth><atprecis Sync="TRUE">0</atprecis><attscale Sync="TRUE">0</attscale></attr><attr><attrlabl Sync="TRUE">DmgSts_2</attrlabl><attalias Sync="TRUE">DmgSts_2</attalias><attrtype Sync="TRUE">String</attrtype><attwidth Sync="TRUE">254</attwidth><atprecis Sync="TRUE">0</atprecis><attscale Sync="TRUE">0</attscale></attr><attr><attrlabl Sync="TRUE">SensDt_3</attrlabl><attalias Sync="TRUE">SensDt_3</attalias><attrtype Sync="TRUE">Date</attrtype><attwidth Sync="TRUE">8</attwidth><atprecis Sync="TRUE">0</atprecis><attscale Sync="TRUE">0</attscale></attr><attr><attrlabl Sync="TRUE">SensID_3</attrlabl><attalias Sync="TRUE">SensID_3</attalias><attrtype Sync="TRUE">String</attrtype><attwidth Sync="TRUE">254</attwidth><atprecis Sync="TRUE">0</atprecis><attscale Sync="TRUE">0</attscale></attr><attr><attrlabl Sync="TRUE">ConfID_3</attrlabl><attalias Sync="TRUE">ConfID_3</attalias><attrtype Sync="TRUE">String</attrtype><attwidth Sync="TRUE">254</attwidth><atprecis Sync="TRUE">0</atprecis><attscale Sync="TRUE">0</attscale></attr><attr><attrlabl Sync="TRUE">DmgCls_3</attrlabl><attalias Sync="TRUE">DmgCls_3</attalias><attrtype Sync="TRUE">String</attrtype><attwidth Sync="TRUE">254</attwidth><atprecis Sync="TRUE">0</atprecis><attscale Sync="TRUE">0</attscale></attr><attr><attrlabl Sync="TRUE">DmgSts_3</attrlabl><attalias Sync="TRUE">DmgSts_3</attalias><attrtype Sync="TRUE">String</attrtype><attwidth Sync="TRUE">254</attwidth><atprecis Sync="TRUE">0</atprecis><attscale Sync="TRUE">0</attscale></attr><attr><attrlabl Sync="TRUE">SensDt_4</attrlabl><attalias Sync="TRUE">SensDt_4</attalias><attrtype Sync="TRUE">Date</attrtype><attwidth Sync="TRUE">8</attwidth><atprecis Sync="TRUE">0</atprecis><attscale Sync="TRUE">0</attscale></attr><attr><attrlabl Sync="TRUE">SensID_4</attrlabl><attalias Sync="TRUE">SensID_4</attalias><attrtype Sync="TRUE">String</attrtype><attwidth Sync="TRUE">254</attwidth><atprecis Sync="TRUE">0</atprecis><attscale Sync="TRUE">0</attscale></attr><attr><attrlabl Sync="TRUE">ConfID_4</attrlabl><attalias Sync="TRUE">ConfID_4</attalias><attrtype Sync="TRUE">String</attrtype><attwidth Sync="TRUE">254</attwidth><atprecis Sync="TRUE">0</atprecis><attscale Sync="TRUE">0</attscale></attr><attr><attrlabl Sync="TRUE">DmgCls_4</attrlabl><attalias Sync="TRUE">DmgCls_4</attalias><attrtype Sync="TRUE">String</attrtype><attwidth Sync="TRUE">254</attwidth><atprecis Sync="TRUE">0</atprecis><attscale Sync="TRUE">0</attscale></attr><attr><attrlabl Sync="TRUE">DmgSts_4</attrlabl><attalias Sync="TRUE">DmgSts_4</attalias><attrtype Sync="TRUE">String</attrtype><attwidth Sync="TRUE">254</attwidth><atprecis Sync="TRUE">0</atprecis><attscale Sync="TRUE">0</attscale></attr><attr><attrlabl Sync="TRUE">GrpDmgCls</attrlabl><attalias Sync="TRUE">GrpDmgCls</attalias><attrtype Sync="TRUE">String</attrtype><attwidth Sync="TRUE">254</attwidth><atprecis Sync="TRUE">0</atprecis><attscale Sync="TRUE">0</attscale></attr><attr><attrlabl Sync="TRUE">FldValid</attrlabl><attalias Sync="TRUE">FldValid</attalias><attrtype Sync="TRUE">String</attrtype><attwidth Sync="TRUE">254</attwidth><atprecis Sync="TRUE">0</atprecis><attscale Sync="TRUE">0</attscale></attr><attr><attrlabl Sync="TRUE">Notes</attrlabl><attalias Sync="TRUE">Notes</attalias><attrtype Sync="TRUE">String</attrtype><attwidth Sync="TRUE">100</attwidth><atprecis Sync="TRUE">0</atprecis><attscale Sync="TRUE">0</attscale></attr><attr><attrlabl Sync="TRUE">StlmtNme</attrlabl><attalias Sync="TRUE">StlmtNme</attalias><attrtype Sync="TRUE">String</attrtype><attwidth Sync="TRUE">100</attwidth><atprecis Sync="TRUE">0</atprecis><attscale Sync="TRUE">0</attscale></attr><attr><attrlabl Sync="TRUE">Neighbrhd</attrlabl><attalias Sync="TRUE">Neighbrhd</attalias><attrtype Sync="TRUE">String</attrtype><attwidth Sync="TRUE">50</attwidth><atprecis Sync="TRUE">0</atprecis><attscale Sync="TRUE">0</attscale></attr><attr><attrlabl Sync="TRUE">EventCode</attrlabl><attalias Sync="TRUE">EventCode</attalias><attrtype Sync="TRUE">String</attrtype><attwidth Sync="TRUE">50</attwidth><atprecis Sync="TRUE">0</atprecis><attscale Sync="TRUE">0</attscale></attr></detailed></eainfo><mdDateSt Sync="TRUE">20161219</mdDateSt></metadata>
