<metadata xml:lang="en"><Esri><CreaDate>20161221</CreaDate><CreaTime>13481300</CreaTime><ArcGISFormat>1.0</ArcGISFormat><SyncOnce>FALSE</SyncOnce><DataProperties><itemProps><itemName Sync="TRUE">Aleppo_PercentageDamage_Neighborhood</itemName><imsContentType Sync="TRUE">002</imsContentType><itemLocation><linkage Sync="TRUE">file://\\cern.ch\dfs\Websites\u\unosat-maps\SY\CE20130604SYR\UNOSAT_CE20130604SYR_DamageAssessment_OFDA_REACH_UPDATE4\Aleppo_PercentageDamage_Neighborhood.shp</linkage><protocol Sync="TRUE">Local Area Network</protocol></itemLocation><itemSize Sync="TRUE">0.000</itemSize></itemProps><coordRef><type Sync="TRUE">Geographic</type><geogcsn Sync="TRUE">GCS_WGS_1984</geogcsn><csUnits Sync="TRUE">Angular Unit: Degree (0.017453)</csUnits><peXml Sync="TRUE">&lt;GeographicCoordinateSystem xsi:type='typens:GeographicCoordinateSystem' xmlns:xsi='http://www.w3.org/2001/XMLSchema-instance' xmlns:xs='http://www.w3.org/2001/XMLSchema' xmlns:typens='http://www.esri.com/schemas/ArcGIS/10.4'&gt;&lt;WKT&gt;GEOGCS[&amp;quot;GCS_WGS_1984&amp;quot;,DATUM[&amp;quot;D_WGS_1984&amp;quot;,SPHEROID[&amp;quot;WGS_1984&amp;quot;,6378137.0,298.257223563]],PRIMEM[&amp;quot;Greenwich&amp;quot;,0.0],UNIT[&amp;quot;Degree&amp;quot;,0.0174532925199433],AUTHORITY[&amp;quot;EPSG&amp;quot;,4326]],VERTCS[&amp;quot;EGM96_Geoid&amp;quot;,VDATUM[&amp;quot;EGM96_Geoid&amp;quot;],PARAMETER[&amp;quot;Vertical_Shift&amp;quot;,0.0],PARAMETER[&amp;quot;Direction&amp;quot;,1.0],UNIT[&amp;quot;Meter&amp;quot;,1.0],AUTHORITY[&amp;quot;EPSG&amp;quot;,5773]]&lt;/WKT&gt;&lt;XOrigin&gt;-400&lt;/XOrigin&gt;&lt;YOrigin&gt;-400&lt;/YOrigin&gt;&lt;XYScale&gt;11258999068426.238&lt;/XYScale&gt;&lt;ZOrigin&gt;-100000&lt;/ZOrigin&gt;&lt;ZScale&gt;10000&lt;/ZScale&gt;&lt;MOrigin&gt;-100000&lt;/MOrigin&gt;&lt;MScale&gt;10000&lt;/MScale&gt;&lt;XYTolerance&gt;8.983152841195215e-009&lt;/XYTolerance&gt;&lt;ZTolerance&gt;0.001&lt;/ZTolerance&gt;&lt;MTolerance&gt;0.001&lt;/MTolerance&gt;&lt;HighPrecision&gt;true&lt;/HighPrecision&gt;&lt;LeftLongitude&gt;-180&lt;/LeftLongitude&gt;&lt;WKID&gt;4326&lt;/WKID&gt;&lt;LatestWKID&gt;4326&lt;/LatestWKID&gt;&lt;VCSWKID&gt;5773&lt;/VCSWKID&gt;&lt;LatestVCSWKID&gt;5773&lt;/LatestVCSWKID&gt;&lt;/GeographicCoordinateSystem&gt;</peXml></coordRef><lineage><Process ToolSource="c:\program files (x86)\arcgis\desktop10.4\ArcToolbox\Toolboxes\Conversion Tools.tbx\FeatureClassToFeatureClass" Date="20161221" Time="134814">FeatureClassToFeatureClass M:\SY_Syria\GeoData\UNOSAT\Data_to_Process\CE20130604SYR\Vanessa\Density\Aleppo_BuildingCount_DamageBuildingCount_Neighborhood_4thUpdate.shp W:\SY\CE20130604SYR\UNOSAT_CE20130604SYR_DamageAssessment_OFDA_REACH_UPDATE4\UNOSAT_CE20130604SYR_Syria_Damage_Assessment_2016.gdb\Shelter_Damage_Assessment Aleppo_PercentageDamage_Neighborhood # "Join_Count "Join_Count" true true false 10 Long 0 10 ,First,#,M:\SY_Syria\GeoData\UNOSAT\Data_to_Process\CE20130604SYR\Vanessa\Density\Aleppo_BuildingCount_DamageBuildingCount_Neighborhood_4thUpdate.shp,Join_Count,-1,-1;TARGET_FID "TARGET_FID" true true false 10 Long 0 10 ,First,#,M:\SY_Syria\GeoData\UNOSAT\Data_to_Process\CE20130604SYR\Vanessa\Density\Aleppo_BuildingCount_DamageBuildingCount_Neighborhood_4thUpdate.shp,TARGET_FID,-1,-1;OBJECTID "OBJECTID" true true false 10 Long 0 10 ,First,#,M:\SY_Syria\GeoData\UNOSAT\Data_to_Process\CE20130604SYR\Vanessa\Density\Aleppo_BuildingCount_DamageBuildingCount_Neighborhood_4thUpdate.shp,OBJECTID,-1,-1;Id "Id" true true false 10 Long 0 10 ,First,#,M:\SY_Syria\GeoData\UNOSAT\Data_to_Process\CE20130604SYR\Vanessa\Density\Aleppo_BuildingCount_DamageBuildingCount_Neighborhood_4thUpdate.shp,Id,-1,-1;City "City" true true false 50 Text 0 0 ,First,#,M:\SY_Syria\GeoData\UNOSAT\Data_to_Process\CE20130604SYR\Vanessa\Density\Aleppo_BuildingCount_DamageBuildingCount_Neighborhood_4thUpdate.shp,City,-1,-1;Name "Name" true true false 50 Text 0 0 ,First,#,M:\SY_Syria\GeoData\UNOSAT\Data_to_Process\CE20130604SYR\Vanessa\Density\Aleppo_BuildingCount_DamageBuildingCount_Neighborhood_4thUpdate.shp,Name,-1,-1;Name_Ar "Name_Ar" true true false 50 Text 0 0 ,First,#,M:\SY_Syria\GeoData\UNOSAT\Data_to_Process\CE20130604SYR\Vanessa\Density\Aleppo_BuildingCount_DamageBuildingCount_Neighborhood_4thUpdate.shp,Name_Ar,-1,-1;ZoneMap "ZoneMap" true true false 6 Text 0 0 ,First,#,M:\SY_Syria\GeoData\UNOSAT\Data_to_Process\CE20130604SYR\Vanessa\Density\Aleppo_BuildingCount_DamageBuildingCount_Neighborhood_4thUpdate.shp,ZoneMap,-1,-1;Shape_Leng "Shape_Leng" true true false 19 Double 0 0 ,First,#,M:\SY_Syria\GeoData\UNOSAT\Data_to_Process\CE20130604SYR\Vanessa\Density\Aleppo_BuildingCount_DamageBuildingCount_Neighborhood_4thUpdate.shp,Shape_Leng,-1,-1;Shape_Area "Shape_Area" true true false 19 Double 0 0 ,First,#,M:\SY_Syria\GeoData\UNOSAT\Data_to_Process\CE20130604SYR\Vanessa\Density\Aleppo_BuildingCount_DamageBuildingCount_Neighborhood_4thUpdate.shp,Shape_Area,-1,-1;Progress "Progress" true true false 10 Long 0 10 ,First,#,M:\SY_Syria\GeoData\UNOSAT\Data_to_Process\CE20130604SYR\Vanessa\Density\Aleppo_BuildingCount_DamageBuildingCount_Neighborhood_4thUpdate.shp,Progress,-1,-1;OBJECTID_1 "OBJECTID_1" true true false 10 Long 0 10 ,First,#,M:\SY_Syria\GeoData\UNOSAT\Data_to_Process\CE20130604SYR\Vanessa\Density\Aleppo_BuildingCount_DamageBuildingCount_Neighborhood_4thUpdate.shp,OBJECTID_1,-1,-1;Neighborho "Neighborho" true true false 254 Text 0 0 ,First,#,M:\SY_Syria\GeoData\UNOSAT\Data_to_Process\CE20130604SYR\Vanessa\Density\Aleppo_BuildingCount_DamageBuildingCount_Neighborhood_4thUpdate.shp,Neighborho,-1,-1;Cnt_Neighb "Cnt_Neighb" true true false 10 Long 0 10 ,First,#,M:\SY_Syria\GeoData\UNOSAT\Data_to_Process\CE20130604SYR\Vanessa\Density\Aleppo_BuildingCount_DamageBuildingCount_Neighborhood_4thUpdate.shp,Cnt_Neighb,-1,-1;Type "Type" true true false 20 Text 0 0 ,First,#,M:\SY_Syria\GeoData\UNOSAT\Data_to_Process\CE20130604SYR\Vanessa\Density\Aleppo_BuildingCount_DamageBuildingCount_Neighborhood_4thUpdate.shp,Type,-1,-1;FID_1 "FID_1" true true false 10 Long 0 10 ,First,#,M:\SY_Syria\GeoData\UNOSAT\Data_to_Process\CE20130604SYR\Vanessa\Density\Aleppo_BuildingCount_DamageBuildingCount_Neighborhood_4thUpdate.shp,FID_1,-1,-1;OBJECTID_2 "OBJECTID_2" true true false 10 Long 0 10 ,First,#,M:\SY_Syria\GeoData\UNOSAT\Data_to_Process\CE20130604SYR\Vanessa\Density\Aleppo_BuildingCount_DamageBuildingCount_Neighborhood_4thUpdate.shp,OBJECTID_2,-1,-1;Id_1 "Id_1" true true false 10 Long 0 10 ,First,#,M:\SY_Syria\GeoData\UNOSAT\Data_to_Process\CE20130604SYR\Vanessa\Density\Aleppo_BuildingCount_DamageBuildingCount_Neighborhood_4thUpdate.shp,Id_1,-1,-1;City_1 "City_1" true true false 50 Text 0 0 ,First,#,M:\SY_Syria\GeoData\UNOSAT\Data_to_Process\CE20130604SYR\Vanessa\Density\Aleppo_BuildingCount_DamageBuildingCount_Neighborhood_4thUpdate.shp,City_1,-1,-1;Name_1 "Name_1" true true false 50 Text 0 0 ,First,#,M:\SY_Syria\GeoData\UNOSAT\Data_to_Process\CE20130604SYR\Vanessa\Density\Aleppo_BuildingCount_DamageBuildingCount_Neighborhood_4thUpdate.shp,Name_1,-1,-1;Name_Ar_1 "Name_Ar_1" true true false 50 Text 0 0 ,First,#,M:\SY_Syria\GeoData\UNOSAT\Data_to_Process\CE20130604SYR\Vanessa\Density\Aleppo_BuildingCount_DamageBuildingCount_Neighborhood_4thUpdate.shp,Name_Ar_1,-1,-1;ZoneMap_1 "ZoneMap_1" true true false 6 Text 0 0 ,First,#,M:\SY_Syria\GeoData\UNOSAT\Data_to_Process\CE20130604SYR\Vanessa\Density\Aleppo_BuildingCount_DamageBuildingCount_Neighborhood_4thUpdate.shp,ZoneMap_1,-1,-1;Shape_Le_1 "Shape_Le_1" true true false 19 Double 0 0 ,First,#,M:\SY_Syria\GeoData\UNOSAT\Data_to_Process\CE20130604SYR\Vanessa\Density\Aleppo_BuildingCount_DamageBuildingCount_Neighborhood_4thUpdate.shp,Shape_Le_1,-1,-1;Shape_Ar_1 "Shape_Ar_1" true true false 19 Double 0 0 ,First,#,M:\SY_Syria\GeoData\UNOSAT\Data_to_Process\CE20130604SYR\Vanessa\Density\Aleppo_BuildingCount_DamageBuildingCount_Neighborhood_4thUpdate.shp,Shape_Ar_1,-1,-1;Progress_1 "Progress_1" true true false 10 Long 0 10 ,First,#,M:\SY_Syria\GeoData\UNOSAT\Data_to_Process\CE20130604SYR\Vanessa\Density\Aleppo_BuildingCount_DamageBuildingCount_Neighborhood_4thUpdate.shp,Progress_1,-1,-1;OBJECTID_3 "OBJECTID_3" true true false 10 Long 0 10 ,First,#,M:\SY_Syria\GeoData\UNOSAT\Data_to_Process\CE20130604SYR\Vanessa\Density\Aleppo_BuildingCount_DamageBuildingCount_Neighborhood_4thUpdate.shp,OBJECTID_3,-1,-1;Neighbor_1 "Neighbor_1" true true false 254 Text 0 0 ,First,#,M:\SY_Syria\GeoData\UNOSAT\Data_to_Process\CE20130604SYR\Vanessa\Density\Aleppo_BuildingCount_DamageBuildingCount_Neighborhood_4thUpdate.shp,Neighbor_1,-1,-1;Cnt_Neig_1 "Cnt_Neig_1" true true false 10 Long 0 10 ,First,#,M:\SY_Syria\GeoData\UNOSAT\Data_to_Process\CE20130604SYR\Vanessa\Density\Aleppo_BuildingCount_DamageBuildingCount_Neighborhood_4thUpdate.shp,Cnt_Neig_1,-1,-1;Percent "Percent" true true false 13 Float 0 0 ,First,#,M:\SY_Syria\GeoData\UNOSAT\Data_to_Process\CE20130604SYR\Vanessa\Density\Aleppo_BuildingCount_DamageBuildingCount_Neighborhood_4thUpdate.shp,Percent,-1,-1" #</Process><Process ToolSource="c:\program files (x86)\arcgis\desktop10.4\ArcToolbox\Toolboxes\Conversion Tools.tbx\FeatureClassToFeatureClass" Date="20161221" Time="135021">FeatureClassToFeatureClass GPL0 W:\SY\CE20130604SYR\UNOSAT_CE20130604SYR_DamageAssessment_OFDA_REACH_UPDATE4 Aleppo_PercentageDamage_Neighborhood # "Join_Count "Join_Count" true true false 4 Long 0 0 ,First,#,W:\SY\CE20130604SYR\UNOSAT_CE20130604SYR_DamageAssessment_OFDA_REACH_UPDATE4\UNOSAT_CE20130604SYR_Syria_Damage_Assessment_2016.gdb\Shelter_Damage_Assessment\Aleppo_PercentageDamage_Neighborhood,Join_Count,-1,-1;TARGET_FID "TARGET_FID" true true false 4 Long 0 0 ,First,#,W:\SY\CE20130604SYR\UNOSAT_CE20130604SYR_DamageAssessment_OFDA_REACH_UPDATE4\UNOSAT_CE20130604SYR_Syria_Damage_Assessment_2016.gdb\Shelter_Damage_Assessment\Aleppo_PercentageDamage_Neighborhood,TARGET_FID,-1,-1;OBJECTID "OBJECTID" true true false 4 Long 0 0 ,First,#,W:\SY\CE20130604SYR\UNOSAT_CE20130604SYR_DamageAssessment_OFDA_REACH_UPDATE4\UNOSAT_CE20130604SYR_Syria_Damage_Assessment_2016.gdb\Shelter_Damage_Assessment\Aleppo_PercentageDamage_Neighborhood,OBJECTID,-1,-1;Id "Id" true true false 4 Long 0 0 ,First,#,W:\SY\CE20130604SYR\UNOSAT_CE20130604SYR_DamageAssessment_OFDA_REACH_UPDATE4\UNOSAT_CE20130604SYR_Syria_Damage_Assessment_2016.gdb\Shelter_Damage_Assessment\Aleppo_PercentageDamage_Neighborhood,Id,-1,-1;City "City" true true false 50 Text 0 0 ,First,#,W:\SY\CE20130604SYR\UNOSAT_CE20130604SYR_DamageAssessment_OFDA_REACH_UPDATE4\UNOSAT_CE20130604SYR_Syria_Damage_Assessment_2016.gdb\Shelter_Damage_Assessment\Aleppo_PercentageDamage_Neighborhood,City,-1,-1;Name "Name" true true false 50 Text 0 0 ,First,#,W:\SY\CE20130604SYR\UNOSAT_CE20130604SYR_DamageAssessment_OFDA_REACH_UPDATE4\UNOSAT_CE20130604SYR_Syria_Damage_Assessment_2016.gdb\Shelter_Damage_Assessment\Aleppo_PercentageDamage_Neighborhood,Name,-1,-1;Name_Ar "Name_Ar" true true false 50 Text 0 0 ,First,#,W:\SY\CE20130604SYR\UNOSAT_CE20130604SYR_DamageAssessment_OFDA_REACH_UPDATE4\UNOSAT_CE20130604SYR_Syria_Damage_Assessment_2016.gdb\Shelter_Damage_Assessment\Aleppo_PercentageDamage_Neighborhood,Name_Ar,-1,-1;ZoneMap "ZoneMap" true true false 6 Text 0 0 ,First,#,W:\SY\CE20130604SYR\UNOSAT_CE20130604SYR_DamageAssessment_OFDA_REACH_UPDATE4\UNOSAT_CE20130604SYR_Syria_Damage_Assessment_2016.gdb\Shelter_Damage_Assessment\Aleppo_PercentageDamage_Neighborhood,ZoneMap,-1,-1;Shape_Leng "Shape_Leng" true true false 8 Double 0 0 ,First,#,W:\SY\CE20130604SYR\UNOSAT_CE20130604SYR_DamageAssessment_OFDA_REACH_UPDATE4\UNOSAT_CE20130604SYR_Syria_Damage_Assessment_2016.gdb\Shelter_Damage_Assessment\Aleppo_PercentageDamage_Neighborhood,Shape_Leng,-1,-1;Progress "Progress" true true false 4 Long 0 0 ,First,#,W:\SY\CE20130604SYR\UNOSAT_CE20130604SYR_DamageAssessment_OFDA_REACH_UPDATE4\UNOSAT_CE20130604SYR_Syria_Damage_Assessment_2016.gdb\Shelter_Damage_Assessment\Aleppo_PercentageDamage_Neighborhood,Progress,-1,-1;OBJECTID_1 "OBJECTID_1" true true false 4 Long 0 0 ,First,#,W:\SY\CE20130604SYR\UNOSAT_CE20130604SYR_DamageAssessment_OFDA_REACH_UPDATE4\UNOSAT_CE20130604SYR_Syria_Damage_Assessment_2016.gdb\Shelter_Damage_Assessment\Aleppo_PercentageDamage_Neighborhood,OBJECTID_1,-1,-1;Neighborho "Neighborho" true true false 254 Text 0 0 ,First,#,W:\SY\CE20130604SYR\UNOSAT_CE20130604SYR_DamageAssessment_OFDA_REACH_UPDATE4\UNOSAT_CE20130604SYR_Syria_Damage_Assessment_2016.gdb\Shelter_Damage_Assessment\Aleppo_PercentageDamage_Neighborhood,Neighborho,-1,-1;Cnt_Neighb "Cnt_Neighb" true true false 4 Long 0 0 ,First,#,W:\SY\CE20130604SYR\UNOSAT_CE20130604SYR_DamageAssessment_OFDA_REACH_UPDATE4\UNOSAT_CE20130604SYR_Syria_Damage_Assessment_2016.gdb\Shelter_Damage_Assessment\Aleppo_PercentageDamage_Neighborhood,Cnt_Neighb,-1,-1;Type "Type" true true false 20 Text 0 0 ,First,#,W:\SY\CE20130604SYR\UNOSAT_CE20130604SYR_DamageAssessment_OFDA_REACH_UPDATE4\UNOSAT_CE20130604SYR_Syria_Damage_Assessment_2016.gdb\Shelter_Damage_Assessment\Aleppo_PercentageDamage_Neighborhood,Type,-1,-1;FID_1 "FID_1" true true false 4 Long 0 0 ,First,#,W:\SY\CE20130604SYR\UNOSAT_CE20130604SYR_DamageAssessment_OFDA_REACH_UPDATE4\UNOSAT_CE20130604SYR_Syria_Damage_Assessment_2016.gdb\Shelter_Damage_Assessment\Aleppo_PercentageDamage_Neighborhood,FID_1,-1,-1;OBJECTID_2 "OBJECTID_2" true true false 4 Long 0 0 ,First,#,W:\SY\CE20130604SYR\UNOSAT_CE20130604SYR_DamageAssessment_OFDA_REACH_UPDATE4\UNOSAT_CE20130604SYR_Syria_Damage_Assessment_2016.gdb\Shelter_Damage_Assessment\Aleppo_PercentageDamage_Neighborhood,OBJECTID_2,-1,-1;Id_1 "Id_1" true true false 4 Long 0 0 ,First,#,W:\SY\CE20130604SYR\UNOSAT_CE20130604SYR_DamageAssessment_OFDA_REACH_UPDATE4\UNOSAT_CE20130604SYR_Syria_Damage_Assessment_2016.gdb\Shelter_Damage_Assessment\Aleppo_PercentageDamage_Neighborhood,Id_1,-1,-1;City_1 "City_1" true true false 50 Text 0 0 ,First,#,W:\SY\CE20130604SYR\UNOSAT_CE20130604SYR_DamageAssessment_OFDA_REACH_UPDATE4\UNOSAT_CE20130604SYR_Syria_Damage_Assessment_2016.gdb\Shelter_Damage_Assessment\Aleppo_PercentageDamage_Neighborhood,City_1,-1,-1;Name_1 "Name_1" true true false 50 Text 0 0 ,First,#,W:\SY\CE20130604SYR\UNOSAT_CE20130604SYR_DamageAssessment_OFDA_REACH_UPDATE4\UNOSAT_CE20130604SYR_Syria_Damage_Assessment_2016.gdb\Shelter_Damage_Assessment\Aleppo_PercentageDamage_Neighborhood,Name_1,-1,-1;Name_Ar_1 "Name_Ar_1" true true false 50 Text 0 0 ,First,#,W:\SY\CE20130604SYR\UNOSAT_CE20130604SYR_DamageAssessment_OFDA_REACH_UPDATE4\UNOSAT_CE20130604SYR_Syria_Damage_Assessment_2016.gdb\Shelter_Damage_Assessment\Aleppo_PercentageDamage_Neighborhood,Name_Ar_1,-1,-1;ZoneMap_1 "ZoneMap_1" true true false 6 Text 0 0 ,First,#,W:\SY\CE20130604SYR\UNOSAT_CE20130604SYR_DamageAssessment_OFDA_REACH_UPDATE4\UNOSAT_CE20130604SYR_Syria_Damage_Assessment_2016.gdb\Shelter_Damage_Assessment\Aleppo_PercentageDamage_Neighborhood,ZoneMap_1,-1,-1;Shape_Le_1 "Shape_Le_1" true true false 8 Double 0 0 ,First,#,W:\SY\CE20130604SYR\UNOSAT_CE20130604SYR_DamageAssessment_OFDA_REACH_UPDATE4\UNOSAT_CE20130604SYR_Syria_Damage_Assessment_2016.gdb\Shelter_Damage_Assessment\Aleppo_PercentageDamage_Neighborhood,Shape_Le_1,-1,-1;Shape_Ar_1 "Shape_Ar_1" true true false 8 Double 0 0 ,First,#,W:\SY\CE20130604SYR\UNOSAT_CE20130604SYR_DamageAssessment_OFDA_REACH_UPDATE4\UNOSAT_CE20130604SYR_Syria_Damage_Assessment_2016.gdb\Shelter_Damage_Assessment\Aleppo_PercentageDamage_Neighborhood,Shape_Ar_1,-1,-1;Progress_1 "Progress_1" true true false 4 Long 0 0 ,First,#,W:\SY\CE20130604SYR\UNOSAT_CE20130604SYR_DamageAssessment_OFDA_REACH_UPDATE4\UNOSAT_CE20130604SYR_Syria_Damage_Assessment_2016.gdb\Shelter_Damage_Assessment\Aleppo_PercentageDamage_Neighborhood,Progress_1,-1,-1;OBJECTID_3 "OBJECTID_3" true true false 4 Long 0 0 ,First,#,W:\SY\CE20130604SYR\UNOSAT_CE20130604SYR_DamageAssessment_OFDA_REACH_UPDATE4\UNOSAT_CE20130604SYR_Syria_Damage_Assessment_2016.gdb\Shelter_Damage_Assessment\Aleppo_PercentageDamage_Neighborhood,OBJECTID_3,-1,-1;Neighbor_1 "Neighbor_1" true true false 254 Text 0 0 ,First,#,W:\SY\CE20130604SYR\UNOSAT_CE20130604SYR_DamageAssessment_OFDA_REACH_UPDATE4\UNOSAT_CE20130604SYR_Syria_Damage_Assessment_2016.gdb\Shelter_Damage_Assessment\Aleppo_PercentageDamage_Neighborhood,Neighbor_1,-1,-1;Cnt_Neig_1 "Cnt_Neig_1" true true false 4 Long 0 0 ,First,#,W:\SY\CE20130604SYR\UNOSAT_CE20130604SYR_DamageAssessment_OFDA_REACH_UPDATE4\UNOSAT_CE20130604SYR_Syria_Damage_Assessment_2016.gdb\Shelter_Damage_Assessment\Aleppo_PercentageDamage_Neighborhood,Cnt_Neig_1,-1,-1;Percent "Percent" true true false 4 Float 0 0 ,First,#,W:\SY\CE20130604SYR\UNOSAT_CE20130604SYR_DamageAssessment_OFDA_REACH_UPDATE4\UNOSAT_CE20130604SYR_Syria_Damage_Assessment_2016.gdb\Shelter_Damage_Assessment\Aleppo_PercentageDamage_Neighborhood,Percent,-1,-1" #</Process></lineage></DataProperties><SyncDate>20161221</SyncDate><SyncTime>13502100</SyncTime><ModDate>20161221</ModDate><ModTime>13502100</ModTime></Esri><dataIdInfo><envirDesc Sync="TRUE">Microsoft Windows 7 Version 6.1 (Build 7601) Service Pack 1; Esri ArcGIS 10.4.1.5686</envirDesc><dataLang><languageCode value="eng" Sync="TRUE"></languageCode><countryCode value="USA" Sync="TRUE"></countryCode></dataLang><idCitation><resTitle Sync="TRUE">Aleppo_PercentageDamage_Neighborhood</resTitle><presForm><PresFormCd value="005" Sync="TRUE"></PresFormCd></presForm></idCitation><spatRpType><SpatRepTypCd value="001" Sync="TRUE"></SpatRepTypCd></spatRpType></dataIdInfo><mdLang><languageCode value="eng" Sync="TRUE"></languageCode><countryCode value="USA" Sync="TRUE"></countryCode></mdLang><distInfo><distFormat><formatName Sync="TRUE">Shapefile</formatName></distFormat><distTranOps><transSize Sync="TRUE">0.000</transSize></distTranOps></distInfo><mdHrLv><ScopeCd value="005" Sync="TRUE"></ScopeCd></mdHrLv><mdHrLvName Sync="TRUE">dataset</mdHrLvName><refSysInfo><RefSystem><refSysID><identCode code="4326" Sync="TRUE"></identCode><idCodeSpace Sync="TRUE">EPSG</idCodeSpace><idVersion Sync="TRUE">6.14(3.0.1)</idVersion></refSysID></RefSystem></refSysInfo><spatRepInfo><VectSpatRep><geometObjs Name="Aleppo_PercentageDamage_Neighborhood"><geoObjTyp><GeoObjTypCd value="002" Sync="TRUE"></GeoObjTypCd></geoObjTyp><geoObjCnt Sync="TRUE">0</geoObjCnt></geometObjs><topLvl><TopoLevCd value="001" Sync="TRUE"></TopoLevCd></topLvl></VectSpatRep></spatRepInfo><spdoinfo><ptvctinf><esriterm Name="Aleppo_PercentageDamage_Neighborhood"><efeatyp Sync="TRUE">Simple</efeatyp><efeageom code="4" Sync="TRUE"></efeageom><esritopo Sync="TRUE">FALSE</esritopo><efeacnt Sync="TRUE">0</efeacnt><spindex Sync="TRUE">FALSE</spindex><linrefer Sync="TRUE">FALSE</linrefer></esriterm></ptvctinf></spdoinfo><eainfo><detailed Name="Aleppo_PercentageDamage_Neighborhood"><enttyp><enttypl Sync="TRUE">Aleppo_PercentageDamage_Neighborhood</enttypl><enttypt Sync="TRUE">Feature Class</enttypt><enttypc Sync="TRUE">0</enttypc></enttyp><attr><attrlabl Sync="TRUE">FID</attrlabl><attalias Sync="TRUE">FID</attalias><attrtype Sync="TRUE">OID</attrtype><attwidth Sync="TRUE">4</attwidth><atprecis Sync="TRUE">0</atprecis><attscale Sync="TRUE">0</attscale><attrdef Sync="TRUE">Internal feature number.</attrdef><attrdefs Sync="TRUE">Esri</attrdefs><attrdomv><udom Sync="TRUE">Sequential unique whole numbers that are automatically generated.</udom></attrdomv></attr><attr><attrlabl Sync="TRUE">Shape</attrlabl><attalias Sync="TRUE">Shape</attalias><attrtype Sync="TRUE">Geometry</attrtype><attwidth Sync="TRUE">0</attwidth><atprecis Sync="TRUE">0</atprecis><attscale Sync="TRUE">0</attscale><attrdef Sync="TRUE">Feature geometry.</attrdef><attrdefs Sync="TRUE">Esri</attrdefs><attrdomv><udom Sync="TRUE">Coordinates defining the features.</udom></attrdomv></attr><attr><attrlabl Sync="TRUE">Join_Count</attrlabl><attalias Sync="TRUE">Join_Count</attalias><attrtype Sync="TRUE">Integer</attrtype><attwidth Sync="TRUE">10</attwidth><atprecis Sync="TRUE">10</atprecis><attscale Sync="TRUE">0</attscale></attr><attr><attrlabl Sync="TRUE">TARGET_FID</attrlabl><attalias Sync="TRUE">TARGET_FID</attalias><attrtype Sync="TRUE">Integer</attrtype><attwidth Sync="TRUE">10</attwidth><atprecis Sync="TRUE">10</atprecis><attscale Sync="TRUE">0</attscale></attr><attr><attrlabl Sync="TRUE">OBJECTID</attrlabl><attalias Sync="TRUE">OBJECTID</attalias><attrtype Sync="TRUE">Integer</attrtype><attwidth Sync="TRUE">10</attwidth><atprecis Sync="TRUE">10</atprecis><attscale Sync="TRUE">0</attscale></attr><attr><attrlabl Sync="TRUE">Id</attrlabl><attalias Sync="TRUE">Id</attalias><attrtype Sync="TRUE">Integer</attrtype><attwidth Sync="TRUE">10</attwidth><atprecis Sync="TRUE">10</atprecis><attscale Sync="TRUE">0</attscale></attr><attr><attrlabl Sync="TRUE">City</attrlabl><attalias Sync="TRUE">City</attalias><attrtype Sync="TRUE">String</attrtype><attwidth Sync="TRUE">50</attwidth><atprecis Sync="TRUE">0</atprecis><attscale Sync="TRUE">0</attscale></attr><attr><attrlabl Sync="TRUE">Name</attrlabl><attalias Sync="TRUE">Name</attalias><attrtype Sync="TRUE">String</attrtype><attwidth Sync="TRUE">50</attwidth><atprecis Sync="TRUE">0</atprecis><attscale Sync="TRUE">0</attscale></attr><attr><attrlabl Sync="TRUE">Name_Ar</attrlabl><attalias Sync="TRUE">Name_Ar</attalias><attrtype Sync="TRUE">String</attrtype><attwidth Sync="TRUE">50</attwidth><atprecis Sync="TRUE">0</atprecis><attscale Sync="TRUE">0</attscale></attr><attr><attrlabl Sync="TRUE">ZoneMap</attrlabl><attalias Sync="TRUE">ZoneMap</attalias><attrtype Sync="TRUE">String</attrtype><attwidth Sync="TRUE">6</attwidth><atprecis Sync="TRUE">0</atprecis><attscale Sync="TRUE">0</attscale></attr><attr><attrlabl Sync="TRUE">Shape_Leng</attrlabl><attalias Sync="TRUE">Shape_Leng</attalias><attrtype Sync="TRUE">Double</attrtype><attwidth Sync="TRUE">19</attwidth><atprecis Sync="TRUE">0</atprecis><attscale Sync="TRUE">0</attscale></attr><attr><attrlabl Sync="TRUE">Progress</attrlabl><attalias Sync="TRUE">Progress</attalias><attrtype Sync="TRUE">Integer</attrtype><attwidth Sync="TRUE">10</attwidth><atprecis Sync="TRUE">10</atprecis><attscale Sync="TRUE">0</attscale></attr><attr><attrlabl Sync="TRUE">OBJECTID_1</attrlabl><attalias Sync="TRUE">OBJECTID_1</attalias><attrtype Sync="TRUE">Integer</attrtype><attwidth Sync="TRUE">10</attwidth><atprecis Sync="TRUE">10</atprecis><attscale Sync="TRUE">0</attscale></attr><attr><attrlabl Sync="TRUE">Neighborho</attrlabl><attalias Sync="TRUE">Neighborho</attalias><attrtype Sync="TRUE">String</attrtype><attwidth Sync="TRUE">254</attwidth><atprecis Sync="TRUE">0</atprecis><attscale Sync="TRUE">0</attscale></attr><attr><attrlabl Sync="TRUE">Cnt_Neighb</attrlabl><attalias Sync="TRUE">Cnt_Neighb</attalias><attrtype Sync="TRUE">Integer</attrtype><attwidth Sync="TRUE">10</attwidth><atprecis Sync="TRUE">10</atprecis><attscale Sync="TRUE">0</attscale></attr><attr><attrlabl Sync="TRUE">Type</attrlabl><attalias Sync="TRUE">Type</attalias><attrtype Sync="TRUE">String</attrtype><attwidth Sync="TRUE">20</attwidth><atprecis Sync="TRUE">0</atprecis><attscale Sync="TRUE">0</attscale></attr><attr><attrlabl Sync="TRUE">FID_1</attrlabl><attalias Sync="TRUE">FID_1</attalias><attrtype Sync="TRUE">Integer</attrtype><attwidth Sync="TRUE">10</attwidth><atprecis Sync="TRUE">10</atprecis><attscale Sync="TRUE">0</attscale></attr><attr><attrlabl Sync="TRUE">OBJECTID_2</attrlabl><attalias Sync="TRUE">OBJECTID_2</attalias><attrtype Sync="TRUE">Integer</attrtype><attwidth Sync="TRUE">10</attwidth><atprecis Sync="TRUE">10</atprecis><attscale Sync="TRUE">0</attscale></attr><attr><attrlabl Sync="TRUE">Id_1</attrlabl><attalias Sync="TRUE">Id_1</attalias><attrtype Sync="TRUE">Integer</attrtype><attwidth Sync="TRUE">10</attwidth><atprecis Sync="TRUE">10</atprecis><attscale Sync="TRUE">0</attscale></attr><attr><attrlabl Sync="TRUE">City_1</attrlabl><attalias Sync="TRUE">City_1</attalias><attrtype Sync="TRUE">String</attrtype><attwidth Sync="TRUE">50</attwidth><atprecis Sync="TRUE">0</atprecis><attscale Sync="TRUE">0</attscale></attr><attr><attrlabl Sync="TRUE">Name_1</attrlabl><attalias Sync="TRUE">Name_1</attalias><attrtype Sync="TRUE">String</attrtype><attwidth Sync="TRUE">50</attwidth><atprecis Sync="TRUE">0</atprecis><attscale Sync="TRUE">0</attscale></attr><attr><attrlabl Sync="TRUE">Name_Ar_1</attrlabl><attalias Sync="TRUE">Name_Ar_1</attalias><attrtype Sync="TRUE">String</attrtype><attwidth Sync="TRUE">50</attwidth><atprecis Sync="TRUE">0</atprecis><attscale Sync="TRUE">0</attscale></attr><attr><attrlabl Sync="TRUE">ZoneMap_1</attrlabl><attalias Sync="TRUE">ZoneMap_1</attalias><attrtype Sync="TRUE">String</attrtype><attwidth Sync="TRUE">6</attwidth><atprecis Sync="TRUE">0</atprecis><attscale Sync="TRUE">0</attscale></attr><attr><attrlabl Sync="TRUE">Shape_Le_1</attrlabl><attalias Sync="TRUE">Shape_Le_1</attalias><attrtype Sync="TRUE">Double</attrtype><attwidth Sync="TRUE">19</attwidth><atprecis Sync="TRUE">0</atprecis><attscale Sync="TRUE">0</attscale></attr><attr><attrlabl Sync="TRUE">Shape_Ar_1</attrlabl><attalias Sync="TRUE">Shape_Ar_1</attalias><attrtype Sync="TRUE">Double</attrtype><attwidth Sync="TRUE">19</attwidth><atprecis Sync="TRUE">0</atprecis><attscale Sync="TRUE">0</attscale></attr><attr><attrlabl Sync="TRUE">Progress_1</attrlabl><attalias Sync="TRUE">Progress_1</attalias><attrtype Sync="TRUE">Integer</attrtype><attwidth Sync="TRUE">10</attwidth><atprecis Sync="TRUE">10</atprecis><attscale Sync="TRUE">0</attscale></attr><attr><attrlabl Sync="TRUE">OBJECTID_3</attrlabl><attalias Sync="TRUE">OBJECTID_3</attalias><attrtype Sync="TRUE">Integer</attrtype><attwidth Sync="TRUE">10</attwidth><atprecis Sync="TRUE">10</atprecis><attscale Sync="TRUE">0</attscale></attr><attr><attrlabl Sync="TRUE">Neighbor_1</attrlabl><attalias Sync="TRUE">Neighbor_1</attalias><attrtype Sync="TRUE">String</attrtype><attwidth Sync="TRUE">254</attwidth><atprecis Sync="TRUE">0</atprecis><attscale Sync="TRUE">0</attscale></attr><attr><attrlabl Sync="TRUE">Cnt_Neig_1</attrlabl><attalias Sync="TRUE">Cnt_Neig_1</attalias><attrtype Sync="TRUE">Integer</attrtype><attwidth Sync="TRUE">10</attwidth><atprecis Sync="TRUE">10</atprecis><attscale Sync="TRUE">0</attscale></attr><attr><attrlabl Sync="TRUE">Percent</attrlabl><attalias Sync="TRUE">Percent</attalias><attrtype Sync="TRUE">Single</attrtype><attwidth Sync="TRUE">13</attwidth><atprecis Sync="TRUE">0</atprecis><attscale Sync="TRUE">0</attscale></attr></detailed></eainfo><mdDateSt Sync="TRUE">20161221</mdDateSt></metadata>
